file,line,type,commit,author,date,time,timezone,datetime,depth,length
style.css,1,css,b955cb74,Jimbo Cai,2026-04-10,07:09:50,-07:00,2026-04-10T07:09:50-07:00,0,5
style.css,2,css,b955cb74,Jimbo Cai,2026-04-10,07:09:50,-07:00,2026-04-10T07:09:50-07:00,2,33
style.css,3,css,b955cb74,Jimbo Cai,2026-04-10,07:09:50,-07:00,2026-04-10T07:09:50-07:00,0,0
style.css,4,css,b955cb74,Jimbo Cai,2026-04-10,07:09:50,-07:00,2026-04-10T07:09:50-07:00,0,0
style.css,5,css,b955cb74,Jimbo Cai,2026-04-10,07:09:50,-07:00,2026-04-10T07:09:50-07:00,0,4
style.css,6,css,b955cb74,Jimbo Cai,2026-04-10,07:09:50,-07:00,2026-04-10T07:09:50-07:00,2,32
style.css,7,css,815e93bf,Jimbo Cai,2026-04-17,13:18:32,-07:00,2026-04-17T13:18:32-07:00,2,23
style.css,8,css,b955cb74,Jimbo Cai,2026-04-10,07:09:50,-07:00,2026-04-10T07:09:50-07:00,0,0
style.css,9,css,b955cb74,Jimbo Cai,2026-04-10,07:09:50,-07:00,2026-04-10T07:09:50-07:00,0,0
style.css,10,css,62df3ba1,Jimbo Cai,2026-04-03,22:06:22,-07:00,2026-04-03T22:06:22-07:00,0,4
style.css,11,css,b955cb74,Jimbo Cai,2026-04-10,07:09:50,-07:00,2026-04-10T07:09:50-07:00,2,23
style.css,12,css,b955cb74,Jimbo Cai,2026-04-10,07:09:50,-07:00,2026-04-10T07:09:50-07:00,2,15
style.css,13,css,b955cb74,Jimbo Cai,2026-04-10,07:09:50,-07:00,2026-04-10T07:09:50-07:00,2,18
style.css,14,css,b955cb74,Jimbo Cai,2026-04-10,07:09:50,-07:00,2026-04-10T07:09:50-07:00,2,18
style.css,15,css,2f61a977,Jimbo Cai,2026-04-03,23:35:54,-07:00,2026-04-03T23:35:54-07:00,0,0
style.css,16,css,ee2f714f,Jimbo Cai,2026-04-10,06:31:00,-07:00,2026-04-10T06:31:00-07:00,0,0
style.css,17,css,ee2f714f,Jimbo Cai,2026-04-10,06:31:00,-07:00,2026-04-10T06:31:00-07:00,0,3
style.css,18,css,b955cb74,Jimbo Cai,2026-04-10,07:09:50,-07:00,2026-04-10T07:09:50-07:00,2,14
style.css,19,css,b955cb74,Jimbo Cai,2026-04-10,07:09:50,-07:00,2026-04-10T07:09:50-07:00,2,11
style.css,20,css,b955cb74,Jimbo Cai,2026-04-10,07:09:50,-07:00,2026-04-10T07:09:50-07:00,2,13
style.css,21,css,b955cb74,Jimbo Cai,2026-04-10,07:09:50,-07:00,2026-04-10T07:09:50-07:00,0,0
style.css,22,css,b955cb74,Jimbo Cai,2026-04-10,07:09:50,-07:00,2026-04-10T07:09:50-07:00,0,0
style.css,23,css,b955cb74,Jimbo Cai,2026-04-10,07:09:50,-07:00,2026-04-10T07:09:50-07:00,0,22
style.css,24,css,b955cb74,Jimbo Cai,2026-04-10,07:09:50,-07:00,2026-04-10T07:09:50-07:00,2,15
style.css,25,css,b955cb74,Jimbo Cai,2026-04-10,07:09:50,-07:00,2026-04-10T07:09:50-07:00,2,17
style.css,26,css,b955cb74,Jimbo Cai,2026-04-10,07:09:50,-07:00,2026-04-10T07:09:50-07:00,0,0
style.css,27,css,b955cb74,Jimbo Cai,2026-04-10,07:09:50,-07:00,2026-04-10T07:09:50-07:00,0,0
style.css,28,css,b955cb74,Jimbo Cai,2026-04-10,07:09:50,-07:00,2026-04-10T07:09:50-07:00,0,2
style.css,29,css,b955cb74,Jimbo Cai,2026-04-10,07:09:50,-07:00,2026-04-10T07:09:50-07:00,2,14
style.css,30,css,ee2f714f,Jimbo Cai,2026-04-10,06:31:00,-07:00,2026-04-10T06:31:00-07:00,0,0
style.css,31,css,ee2f714f,Jimbo Cai,2026-04-10,06:31:00,-07:00,2026-04-10T06:31:00-07:00,0,0
style.css,32,css,b955cb74,Jimbo Cai,2026-04-10,07:09:50,-07:00,2026-04-10T07:09:50-07:00,0,7
style.css,33,css,ee2f714f,Jimbo Cai,2026-04-10,06:31:00,-07:00,2026-04-10T06:31:00-07:00,0,3
style.css,34,css,b955cb74,Jimbo Cai,2026-04-10,07:09:50,-07:00,2026-04-10T07:09:50-07:00,2,12
style.css,35,css,b955cb74,Jimbo Cai,2026-04-10,07:09:50,-07:00,2026-04-10T07:09:50-07:00,2,17
style.css,36,css,815e93bf,Jimbo Cai,2026-04-17,13:18:32,-07:00,2026-04-17T13:18:32-07:00,2,39
style.css,37,css,815e93bf,Jimbo Cai,2026-04-17,13:18:32,-07:00,2026-04-17T13:18:32-07:00,2,43
style.css,38,css,b955cb74,Jimbo Cai,2026-04-10,07:09:50,-07:00,2026-04-10T07:09:50-07:00,0,0
style.css,39,css,b955cb74,Jimbo Cai,2026-04-10,07:09:50,-07:00,2026-04-10T07:09:50-07:00,0,0
style.css,40,css,b955cb74,Jimbo Cai,2026-04-10,07:09:50,-07:00,2026-04-10T07:09:50-07:00,0,5
style.css,41,css,b955cb74,Jimbo Cai,2026-04-10,07:09:50,-07:00,2026-04-10T07:09:50-07:00,2,6
style.css,42,css,b955cb74,Jimbo Cai,2026-04-10,07:09:50,-07:00,2026-04-10T07:09:50-07:00,2,20
style.css,43,css,b955cb74,Jimbo Cai,2026-04-10,07:09:50,-07:00,2026-04-10T07:09:50-07:00,2,13
style.css,44,css,b955cb74,Jimbo Cai,2026-04-10,07:09:50,-07:00,2026-04-10T07:09:50-07:00,2,17
style.css,45,css,b955cb74,Jimbo Cai,2026-04-10,07:09:50,-07:00,2026-04-10T07:09:50-07:00,2,13
style.css,46,css,b955cb74,Jimbo Cai,2026-04-10,07:09:50,-07:00,2026-04-10T07:09:50-07:00,0,0
style.css,47,css,b955cb74,Jimbo Cai,2026-04-10,07:09:50,-07:00,2026-04-10T07:09:50-07:00,0,0
style.css,48,css,b955cb74,Jimbo Cai,2026-04-10,07:09:50,-07:00,2026-04-10T07:09:50-07:00,0,11
style.css,49,css,b955cb74,Jimbo Cai,2026-04-10,07:09:50,-07:00,2026-04-10T07:09:50-07:00,2,45
style.css,50,css,b955cb74,Jimbo Cai,2026-04-10,07:09:50,-07:00,2026-04-10T07:09:50-07:00,2,20
style.css,51,css,815e93bf,Jimbo Cai,2026-04-17,13:18:32,-07:00,2026-04-17T13:18:32-07:00,2,69
style.css,52,css,b955cb74,Jimbo Cai,2026-04-10,07:09:50,-07:00,2026-04-10T07:09:50-07:00,0,0
style.css,53,css,b955cb74,Jimbo Cai,2026-04-10,07:09:50,-07:00,2026-04-10T07:09:50-07:00,0,0
style.css,54,css,b955cb74,Jimbo Cai,2026-04-10,07:09:50,-07:00,2026-04-10T07:09:50-07:00,0,13
style.css,55,css,815e93bf,Jimbo Cai,2026-04-17,13:18:32,-07:00,2026-04-17T13:18:32-07:00,2,45
style.css,56,css,b955cb74,Jimbo Cai,2026-04-10,07:09:50,-07:00,2026-04-10T07:09:50-07:00,2,20
style.css,57,css,b955cb74,Jimbo Cai,2026-04-10,07:09:50,-07:00,2026-04-10T07:09:50-07:00,2,16
style.css,58,css,b955cb74,Jimbo Cai,2026-04-10,07:09:50,-07:00,2026-04-10T07:09:50-07:00,0,0
style.css,59,css,b955cb74,Jimbo Cai,2026-04-10,07:09:50,-07:00,2026-04-10T07:09:50-07:00,0,0
style.css,60,css,b955cb74,Jimbo Cai,2026-04-10,07:09:50,-07:00,2026-04-10T07:09:50-07:00,0,16
style.css,61,css,815e93bf,Jimbo Cai,2026-04-17,13:18:32,-07:00,2026-04-17T13:18:32-07:00,0,31
style.css,62,css,b955cb74,Jimbo Cai,2026-04-10,07:09:50,-07:00,2026-04-10T07:09:50-07:00,2,12
style.css,63,css,b955cb74,Jimbo Cai,2026-04-10,07:09:50,-07:00,2026-04-10T07:09:50-07:00,0,0
style.css,64,css,b955cb74,Jimbo Cai,2026-04-10,07:09:50,-07:00,2026-04-10T07:09:50-07:00,0,0
style.css,65,css,b955cb74,Jimbo Cai,2026-04-10,07:09:50,-07:00,2026-04-10T07:09:50-07:00,0,4
style.css,66,css,b955cb74,Jimbo Cai,2026-04-10,07:09:50,-07:00,2026-04-10T07:09:50-07:00,2,12
style.css,67,css,b955cb74,Jimbo Cai,2026-04-10,07:09:50,-07:00,2026-04-10T07:09:50-07:00,2,30
style.css,68,css,b955cb74,Jimbo Cai,2026-04-10,07:09:50,-07:00,2026-04-10T07:09:50-07:00,2,7
style.css,69,css,b955cb74,Jimbo Cai,2026-04-10,07:09:50,-07:00,2026-04-10T07:09:50-07:00,0,0
style.css,70,css,b955cb74,Jimbo Cai,2026-04-10,07:09:50,-07:00,2026-04-10T07:09:50-07:00,0,0
style.css,71,css,b955cb74,Jimbo Cai,2026-04-10,07:09:50,-07:00,2026-04-10T07:09:50-07:00,0,10
style.css,72,css,b955cb74,Jimbo Cai,2026-04-10,07:09:50,-07:00,2026-04-10T07:09:50-07:00,2,12
style.css,73,css,b955cb74,Jimbo Cai,2026-04-10,07:09:50,-07:00,2026-04-10T07:09:50-07:00,2,29
style.css,74,css,b955cb74,Jimbo Cai,2026-04-10,07:09:50,-07:00,2026-04-10T07:09:50-07:00,2,18
style.css,75,css,b955cb74,Jimbo Cai,2026-04-10,07:09:50,-07:00,2026-04-10T07:09:50-07:00,0,0
style.css,76,css,b955cb74,Jimbo Cai,2026-04-10,07:09:50,-07:00,2026-04-10T07:09:50-07:00,0,0
style.css,77,css,b955cb74,Jimbo Cai,2026-04-10,07:09:50,-07:00,2026-04-10T07:09:50-07:00,0,11
style.css,78,css,b955cb74,Jimbo Cai,2026-04-10,07:09:50,-07:00,2026-04-10T07:09:50-07:00,2,18
style.css,79,css,b955cb74,Jimbo Cai,2026-04-10,07:09:50,-07:00,2026-04-10T07:09:50-07:00,0,0
style.css,80,css,b955cb74,Jimbo Cai,2026-04-10,07:09:50,-07:00,2026-04-10T07:09:50-07:00,0,0
style.css,81,css,b955cb74,Jimbo Cai,2026-04-10,07:09:50,-07:00,2026-04-10T07:09:50-07:00,0,12
style.css,82,css,b955cb74,Jimbo Cai,2026-04-10,07:09:50,-07:00,2026-04-10T07:09:50-07:00,0,9
style.css,83,css,b955cb74,Jimbo Cai,2026-04-10,07:09:50,-07:00,2026-04-10T07:09:50-07:00,2,12
style.css,84,css,b955cb74,Jimbo Cai,2026-04-10,07:09:50,-07:00,2026-04-10T07:09:50-07:00,2,58
style.css,85,css,b955cb74,Jimbo Cai,2026-04-10,07:09:50,-07:00,2026-04-10T07:09:50-07:00,2,7
style.css,86,css,b955cb74,Jimbo Cai,2026-04-10,07:09:50,-07:00,2026-04-10T07:09:50-07:00,0,0
style.css,87,css,b955cb74,Jimbo Cai,2026-04-10,07:09:50,-07:00,2026-04-10T07:09:50-07:00,0,0
style.css,88,css,b955cb74,Jimbo Cai,2026-04-10,07:09:50,-07:00,2026-04-10T07:09:50-07:00,0,17
style.css,89,css,b955cb74,Jimbo Cai,2026-04-10,07:09:50,-07:00,2026-04-10T07:09:50-07:00,2,12
style.css,90,css,b955cb74,Jimbo Cai,2026-04-10,07:09:50,-07:00,2026-04-10T07:09:50-07:00,2,15
style.css,91,css,b955cb74,Jimbo Cai,2026-04-10,07:09:50,-07:00,2026-04-10T07:09:50-07:00,2,26
style.css,92,css,1c4f088b,Jimbo Cai,2026-04-10,07:16:43,-07:00,2026-04-10T07:16:43-07:00,2,14
style.css,93,css,1c4f088b,Jimbo Cai,2026-04-10,07:16:43,-07:00,2026-04-10T07:16:43-07:00,0,0
style.css,94,css,1c4f088b,Jimbo Cai,2026-04-10,07:16:43,-07:00,2026-04-10T07:16:43-07:00,0,0
style.css,95,css,1c4f088b,Jimbo Cai,2026-04-10,07:16:43,-07:00,2026-04-10T07:16:43-07:00,0,24
style.css,96,css,1c4f088b,Jimbo Cai,2026-04-10,07:16:43,-07:00,2026-04-10T07:16:43-07:00,2,13
style.css,97,css,b955cb74,Jimbo Cai,2026-04-10,07:09:50,-07:00,2026-04-10T07:09:50-07:00,0,0
style.css,98,css,b955cb74,Jimbo Cai,2026-04-10,07:09:50,-07:00,2026-04-10T07:09:50-07:00,0,0
style.css,99,css,b955cb74,Jimbo Cai,2026-04-10,07:09:50,-07:00,2026-04-10T07:09:50-07:00,0,20
style.css,100,css,b955cb74,Jimbo Cai,2026-04-10,07:09:50,-07:00,2026-04-10T07:09:50-07:00,2,8
style.css,101,css,b955cb74,Jimbo Cai,2026-04-10,07:09:50,-07:00,2026-04-10T07:09:50-07:00,0,0
style.css,102,css,b955cb74,Jimbo Cai,2026-04-10,07:09:50,-07:00,2026-04-10T07:09:50-07:00,0,0
style.css,103,css,b955cb74,Jimbo Cai,2026-04-10,07:09:50,-07:00,2026-04-10T07:09:50-07:00,0,13
style.css,104,css,b955cb74,Jimbo Cai,2026-04-10,07:09:50,-07:00,2026-04-10T07:09:50-07:00,2,10
style.css,105,css,b955cb74,Jimbo Cai,2026-04-10,07:09:50,-07:00,2026-04-10T07:09:50-07:00,2,17
style.css,106,css,b955cb74,Jimbo Cai,2026-04-10,07:09:50,-07:00,2026-04-10T07:09:50-07:00,2,16
style.css,107,css,b955cb74,Jimbo Cai,2026-04-10,07:09:50,-07:00,2026-04-10T07:09:50-07:00,0,0
style.css,108,css,b955cb74,Jimbo Cai,2026-04-10,07:09:50,-07:00,2026-04-10T07:09:50-07:00,0,0
style.css,109,css,b955cb74,Jimbo Cai,2026-04-10,07:09:50,-07:00,2026-04-10T07:09:50-07:00,0,10
style.css,110,css,1c4f088b,Jimbo Cai,2026-04-10,07:16:43,-07:00,2026-04-10T07:16:43-07:00,0,15
style.css,111,css,b955cb74,Jimbo Cai,2026-04-10,07:09:50,-07:00,2026-04-10T07:09:50-07:00,2,16
style.css,112,css,b955cb74,Jimbo Cai,2026-04-10,07:09:50,-07:00,2026-04-10T07:09:50-07:00,2,38
style.css,113,css,b955cb74,Jimbo Cai,2026-04-10,07:09:50,-07:00,2026-04-10T07:09:50-07:00,2,15
style.css,114,css,b955cb74,Jimbo Cai,2026-04-10,07:09:50,-07:00,2026-04-10T07:09:50-07:00,0,0
style.css,115,css,b955cb74,Jimbo Cai,2026-04-10,07:09:50,-07:00,2026-04-10T07:09:50-07:00,0,0
style.css,116,css,1c4f088b,Jimbo Cai,2026-04-10,07:16:43,-07:00,2026-04-10T07:16:43-07:00,0,18
style.css,117,css,b955cb74,Jimbo Cai,2026-04-10,07:09:50,-07:00,2026-04-10T07:09:50-07:00,2,25
style.css,118,css,b955cb74,Jimbo Cai,2026-04-10,07:09:50,-07:00,2026-04-10T07:09:50-07:00,2,15
style.css,119,css,b955cb74,Jimbo Cai,2026-04-10,07:09:50,-07:00,2026-04-10T07:09:50-07:00,2,24
style.css,120,css,b955cb74,Jimbo Cai,2026-04-10,07:09:50,-07:00,2026-04-10T07:09:50-07:00,2,21
style.css,121,css,b955cb74,Jimbo Cai,2026-04-10,07:09:50,-07:00,2026-04-10T07:09:50-07:00,0,0
style.css,122,css,b955cb74,Jimbo Cai,2026-04-10,07:09:50,-07:00,2026-04-10T07:09:50-07:00,0,0
style.css,123,css,1c4f088b,Jimbo Cai,2026-04-10,07:16:43,-07:00,2026-04-10T07:16:43-07:00,0,15
style.css,124,css,b955cb74,Jimbo Cai,2026-04-10,07:09:50,-07:00,2026-04-10T07:09:50-07:00,2,18
style.css,125,css,b955cb74,Jimbo Cai,2026-04-10,07:09:50,-07:00,2026-04-10T07:09:50-07:00,0,0
style.css,126,css,b955cb74,Jimbo Cai,2026-04-10,07:09:50,-07:00,2026-04-10T07:09:50-07:00,0,0
style.css,127,css,1c4f088b,Jimbo Cai,2026-04-10,07:16:43,-07:00,2026-04-10T07:16:43-07:00,0,22
style.css,128,css,b955cb74,Jimbo Cai,2026-04-10,07:09:50,-07:00,2026-04-10T07:09:50-07:00,2,12
style.css,129,css,b955cb74,Jimbo Cai,2026-04-10,07:09:50,-07:00,2026-04-10T07:09:50-07:00,2,29
style.css,130,css,b955cb74,Jimbo Cai,2026-04-10,07:09:50,-07:00,2026-04-10T07:09:50-07:00,2,20
style.css,131,css,b955cb74,Jimbo Cai,2026-04-10,07:09:50,-07:00,2026-04-10T07:09:50-07:00,2,14
style.css,132,css,b955cb74,Jimbo Cai,2026-04-10,07:09:50,-07:00,2026-04-10T07:09:50-07:00,2,9
style.css,133,css,b955cb74,Jimbo Cai,2026-04-10,07:09:50,-07:00,2026-04-10T07:09:50-07:00,0,0
style.css,134,css,b955cb74,Jimbo Cai,2026-04-10,07:09:50,-07:00,2026-04-10T07:09:50-07:00,0,0
style.css,135,css,1c4f088b,Jimbo Cai,2026-04-10,07:16:43,-07:00,2026-04-10T07:16:43-07:00,0,25
style.css,136,css,b955cb74,Jimbo Cai,2026-04-10,07:09:50,-07:00,2026-04-10T07:09:50-07:00,2,8
style.css,137,css,b955cb74,Jimbo Cai,2026-04-10,07:09:50,-07:00,2026-04-10T07:09:50-07:00,2,13
style.css,138,css,b955cb74,Jimbo Cai,2026-04-10,07:09:50,-07:00,2026-04-10T07:09:50-07:00,0,0
style.css,139,css,b955cb74,Jimbo Cai,2026-04-10,07:09:50,-07:00,2026-04-10T07:09:50-07:00,0,0
style.css,140,css,1c4f088b,Jimbo Cai,2026-04-10,07:16:43,-07:00,2026-04-10T07:16:43-07:00,0,24
style.css,141,css,b955cb74,Jimbo Cai,2026-04-10,07:09:50,-07:00,2026-04-10T07:09:50-07:00,2,8
style.css,142,css,fcb2a2e6,Jimbo Cai,2026-04-17,13:28:28,-07:00,2026-04-17T13:28:28-07:00,2,23
style.css,143,css,b955cb74,Jimbo Cai,2026-04-10,07:09:50,-07:00,2026-04-10T07:09:50-07:00,2,15
style.css,144,css,b955cb74,Jimbo Cai,2026-04-10,07:09:50,-07:00,2026-04-10T07:09:50-07:00,0,0
style.css,145,css,b955cb74,Jimbo Cai,2026-04-10,07:09:50,-07:00,2026-04-10T07:09:50-07:00,0,0
style.css,146,css,1c4f088b,Jimbo Cai,2026-04-10,07:16:43,-07:00,2026-04-10T07:16:43-07:00,0,18
style.css,147,css,b955cb74,Jimbo Cai,2026-04-10,07:09:50,-07:00,2026-04-10T07:09:50-07:00,2,16
style.css,148,css,b955cb74,Jimbo Cai,2026-04-10,07:09:50,-07:00,2026-04-10T07:09:50-07:00,2,18
style.css,149,css,b955cb74,Jimbo Cai,2026-04-10,07:09:50,-07:00,2026-04-10T07:09:50-07:00,0,0
style.css,150,css,b955cb74,Jimbo Cai,2026-04-10,07:09:50,-07:00,2026-04-10T07:09:50-07:00,0,0
style.css,151,css,1c4f088b,Jimbo Cai,2026-04-10,07:16:43,-07:00,2026-04-10T07:16:43-07:00,0,21
style.css,152,css,b955cb74,Jimbo Cai,2026-04-10,07:09:50,-07:00,2026-04-10T07:09:50-07:00,2,18
style.css,153,css,fcb2a2e6,Jimbo Cai,2026-04-17,13:28:28,-07:00,2026-04-17T13:28:28-07:00,2,23
style.css,154,css,815e93bf,Jimbo Cai,2026-04-17,13:18:32,-07:00,2026-04-17T13:18:32-07:00,0,0
style.css,155,css,815e93bf,Jimbo Cai,2026-04-17,13:18:32,-07:00,2026-04-17T13:18:32-07:00,0,0
style.css,156,css,815e93bf,Jimbo Cai,2026-04-17,13:18:32,-07:00,2026-04-17T13:18:32-07:00,0,20
style.css,157,css,815e93bf,Jimbo Cai,2026-04-17,13:18:32,-07:00,2026-04-17T13:18:32-07:00,0,13
style.css,158,css,815e93bf,Jimbo Cai,2026-04-17,13:18:32,-07:00,2026-04-17T13:18:32-07:00,2,17
style.css,159,css,815e93bf,Jimbo Cai,2026-04-17,13:18:32,-07:00,2026-04-17T13:18:32-07:00,2,8
style.css,160,css,815e93bf,Jimbo Cai,2026-04-17,13:18:32,-07:00,2026-04-17T13:18:32-07:00,2,10
style.css,161,css,815e93bf,Jimbo Cai,2026-04-17,13:18:32,-07:00,2026-04-17T13:18:32-07:00,2,13
style.css,162,css,815e93bf,Jimbo Cai,2026-04-17,13:18:32,-07:00,2026-04-17T13:18:32-07:00,2,19
style.css,163,css,66a709c2,Jimbo Cai,2026-05-01,15:08:29,-07:00,2026-05-01T15:08:29-07:00,0,0
style.css,164,css,66a709c2,Jimbo Cai,2026-05-01,15:08:29,-07:00,2026-05-01T15:08:29-07:00,0,0
style.css,165,css,66a709c2,Jimbo Cai,2026-05-01,15:08:29,-07:00,2026-05-01T15:08:29-07:00,0,9
style.css,166,css,66a709c2,Jimbo Cai,2026-05-01,15:08:29,-07:00,2026-05-01T15:08:29-07:00,0,0
style.css,167,css,66a709c2,Jimbo Cai,2026-05-01,15:08:29,-07:00,2026-05-01T15:08:29-07:00,0,13
style.css,168,css,66a709c2,Jimbo Cai,2026-05-01,15:08:29,-07:00,2026-05-01T15:08:29-07:00,2,30
style.css,169,css,66a709c2,Jimbo Cai,2026-05-01,15:08:29,-07:00,2026-05-01T15:08:29-07:00,2,34
style.css,170,css,66a709c2,Jimbo Cai,2026-05-01,15:08:29,-07:00,2026-05-01T15:08:29-07:00,2,23
style.css,171,css,66a709c2,Jimbo Cai,2026-05-01,15:08:29,-07:00,2026-05-01T15:08:29-07:00,2,15
style.css,172,css,66a709c2,Jimbo Cai,2026-05-01,15:08:29,-07:00,2026-05-01T15:08:29-07:00,2,16
style.css,173,css,66a709c2,Jimbo Cai,2026-05-01,15:08:29,-07:00,2026-05-01T15:08:29-07:00,0,0
style.css,174,css,66a709c2,Jimbo Cai,2026-05-01,15:08:29,-07:00,2026-05-01T15:08:29-07:00,0,0
style.css,175,css,66a709c2,Jimbo Cai,2026-05-01,15:08:29,-07:00,2026-05-01T15:08:29-07:00,0,18
style.css,176,css,66a709c2,Jimbo Cai,2026-05-01,15:08:29,-07:00,2026-05-01T15:08:29-07:00,2,14
style.css,177,css,66a709c2,Jimbo Cai,2026-05-01,15:08:29,-07:00,2026-05-01T15:08:29-07:00,2,16
style.css,178,css,66a709c2,Jimbo Cai,2026-05-01,15:08:29,-07:00,2026-05-01T15:08:29-07:00,2,16
style.css,179,css,66a709c2,Jimbo Cai,2026-05-01,15:08:29,-07:00,2026-05-01T15:08:29-07:00,0,0
style.css,180,css,66a709c2,Jimbo Cai,2026-05-01,15:08:29,-07:00,2026-05-01T15:08:29-07:00,0,0
style.css,181,css,66a709c2,Jimbo Cai,2026-05-01,15:08:29,-07:00,2026-05-01T15:08:29-07:00,0,16
style.css,182,css,66a709c2,Jimbo Cai,2026-05-01,15:08:29,-07:00,2026-05-01T15:08:29-07:00,2,12
style.css,183,css,66a709c2,Jimbo Cai,2026-05-01,15:08:29,-07:00,2026-05-01T15:08:29-07:00,2,18
style.css,184,css,66a709c2,Jimbo Cai,2026-05-01,15:08:29,-07:00,2026-05-01T15:08:29-07:00,2,7
style.css,185,css,66a709c2,Jimbo Cai,2026-05-01,15:08:29,-07:00,2026-05-01T15:08:29-07:00,0,0
style.css,186,css,66a709c2,Jimbo Cai,2026-05-01,15:08:29,-07:00,2026-05-01T15:08:29-07:00,0,0
style.css,187,css,66a709c2,Jimbo Cai,2026-05-01,15:08:29,-07:00,2026-05-01T15:08:29-07:00,0,7
style.css,188,css,66a709c2,Jimbo Cai,2026-05-01,15:08:29,-07:00,2026-05-01T15:08:29-07:00,2,12
style.css,189,css,66a709c2,Jimbo Cai,2026-05-01,15:08:29,-07:00,2026-05-01T15:08:29-07:00,2,57
style.css,190,css,66a709c2,Jimbo Cai,2026-05-01,15:08:29,-07:00,2026-05-01T15:08:29-07:00,2,7
style.css,191,css,66a709c2,Jimbo Cai,2026-05-01,15:08:29,-07:00,2026-05-01T15:08:29-07:00,2,11
style.css,192,css,66a709c2,Jimbo Cai,2026-05-01,15:08:29,-07:00,2026-05-01T15:08:29-07:00,2,8
style.css,193,css,66a709c2,Jimbo Cai,2026-05-01,15:08:29,-07:00,2026-05-01T15:08:29-07:00,2,34
style.css,194,css,66a709c2,Jimbo Cai,2026-05-01,15:08:29,-07:00,2026-05-01T15:08:29-07:00,2,6
style.css,195,css,66a709c2,Jimbo Cai,2026-05-01,15:08:29,-07:00,2026-05-01T15:08:29-07:00,2,15
style.css,196,css,66a709c2,Jimbo Cai,2026-05-01,15:08:29,-07:00,2026-05-01T15:08:29-07:00,0,0
style.css,197,css,66a709c2,Jimbo Cai,2026-05-01,15:08:29,-07:00,2026-05-01T15:08:29-07:00,0,0
style.css,198,css,66a709c2,Jimbo Cai,2026-05-01,15:08:29,-07:00,2026-05-01T15:08:29-07:00,0,12
style.css,199,css,66a709c2,Jimbo Cai,2026-05-01,15:08:29,-07:00,2026-05-01T15:08:29-07:00,2,12
style.css,200,css,66a709c2,Jimbo Cai,2026-05-01,15:08:29,-07:00,2026-05-01T15:08:29-07:00,2,18
style.css,201,css,66a709c2,Jimbo Cai,2026-05-01,15:08:29,-07:00,2026-05-01T15:08:29-07:00,2,9
style.css,202,css,66a709c2,Jimbo Cai,2026-05-01,15:08:29,-07:00,2026-05-01T15:08:29-07:00,0,0
style.css,203,css,66a709c2,Jimbo Cai,2026-05-01,15:08:29,-07:00,2026-05-01T15:08:29-07:00,0,0
style.css,204,css,66a709c2,Jimbo Cai,2026-05-01,15:08:29,-07:00,2026-05-01T15:08:29-07:00,0,7
style.css,205,css,66a709c2,Jimbo Cai,2026-05-01,15:08:29,-07:00,2026-05-01T15:08:29-07:00,2,20
style.css,206,css,66a709c2,Jimbo Cai,2026-05-01,15:08:29,-07:00,2026-05-01T15:08:29-07:00,2,9
style.css,207,css,66a709c2,Jimbo Cai,2026-05-01,15:08:29,-07:00,2026-05-01T15:08:29-07:00,2,18
style.css,208,css,66a709c2,Jimbo Cai,2026-05-01,15:08:29,-07:00,2026-05-01T15:08:29-07:00,2,29
style.css,209,css,66a709c2,Jimbo Cai,2026-05-01,15:08:29,-07:00,2026-05-01T15:08:29-07:00,2,17
style.css,210,css,66a709c2,Jimbo Cai,2026-05-01,15:08:29,-07:00,2026-05-01T15:08:29-07:00,2,13
style.css,211,css,66a709c2,Jimbo Cai,2026-05-01,15:08:29,-07:00,2026-05-01T15:08:29-07:00,0,0
style.css,212,css,66a709c2,Jimbo Cai,2026-05-01,15:08:29,-07:00,2026-05-01T15:08:29-07:00,0,0
style.css,213,css,66a709c2,Jimbo Cai,2026-05-01,15:08:29,-07:00,2026-05-01T15:08:29-07:00,0,10
style.css,214,css,66a709c2,Jimbo Cai,2026-05-01,15:08:29,-07:00,2026-05-01T15:08:29-07:00,2,10
style.css,215,css,66a709c2,Jimbo Cai,2026-05-01,15:08:29,-07:00,2026-05-01T15:08:29-07:00,2,13
style.css,216,css,66a709c2,Jimbo Cai,2026-05-01,15:08:29,-07:00,2026-05-01T15:08:29-07:00,2,16
style.css,217,css,66a709c2,Jimbo Cai,2026-05-01,15:08:29,-07:00,2026-05-01T15:08:29-07:00,2,13
style.css,218,css,66a709c2,Jimbo Cai,2026-05-01,15:08:29,-07:00,2026-05-01T15:08:29-07:00,2,21
style.css,219,css,66a709c2,Jimbo Cai,2026-05-01,15:08:29,-07:00,2026-05-01T15:08:29-07:00,0,0
style.css,220,css,66a709c2,Jimbo Cai,2026-05-01,15:08:29,-07:00,2026-05-01T15:08:29-07:00,0,0
style.css,221,css,66a709c2,Jimbo Cai,2026-05-01,15:08:29,-07:00,2026-05-01T15:08:29-07:00,0,4
style.css,222,css,66a709c2,Jimbo Cai,2026-05-01,15:08:29,-07:00,2026-05-01T15:08:29-07:00,2,16
style.css,223,css,66a709c2,Jimbo Cai,2026-05-01,15:08:29,-07:00,2026-05-01T15:08:29-07:00,2,14
style.css,224,css,66a709c2,Jimbo Cai,2026-05-01,15:08:29,-07:00,2026-05-01T15:08:29-07:00,0,0
style.css,225,css,66a709c2,Jimbo Cai,2026-05-01,15:08:29,-07:00,2026-05-01T15:08:29-07:00,0,0
style.css,226,css,66a709c2,Jimbo Cai,2026-05-01,15:08:29,-07:00,2026-05-01T15:08:29-07:00,0,36
style.css,227,css,66a709c2,Jimbo Cai,2026-05-01,15:08:29,-07:00,2026-05-01T15:08:29-07:00,2,11
style.css,228,css,66a709c2,Jimbo Cai,2026-05-01,15:08:29,-07:00,2026-05-01T15:08:29-07:00,0,0
style.css,229,css,66a709c2,Jimbo Cai,2026-05-01,15:08:29,-07:00,2026-05-01T15:08:29-07:00,0,0
style.css,230,css,66a709c2,Jimbo Cai,2026-05-01,15:08:29,-07:00,2026-05-01T15:08:29-07:00,0,9
style.css,231,css,66a709c2,Jimbo Cai,2026-05-01,15:08:29,-07:00,2026-05-01T15:08:29-07:00,2,35
style.css,232,css,66a709c2,Jimbo Cai,2026-05-01,15:08:29,-07:00,2026-05-01T15:08:29-07:00,0,0
style.css,233,css,66a709c2,Jimbo Cai,2026-05-01,15:08:29,-07:00,2026-05-01T15:08:29-07:00,0,0
style.css,234,css,66a709c2,Jimbo Cai,2026-05-01,15:08:29,-07:00,2026-05-01T15:08:29-07:00,0,18
style.css,235,css,66a709c2,Jimbo Cai,2026-05-01,15:08:29,-07:00,2026-05-01T15:08:29-07:00,2,17
style.css,236,css,62df3ba1,Jimbo Cai,2026-04-03,22:06:22,-07:00,2026-04-03T22:06:22-07:00,0,0
index.js,1,js,cc7473bf,Jimbo Cai,2026-04-24,17:48:50,-07:00,2026-04-24T17:48:50-07:00,0,71
index.js,2,js,cc7473bf,Jimbo Cai,2026-04-24,17:48:50,-07:00,2026-04-24T17:48:50-07:00,0,0
index.js,3,js,cc7473bf,Jimbo Cai,2026-04-24,17:48:50,-07:00,2026-04-24T17:48:50-07:00,0,54
index.js,4,js,cc7473bf,Jimbo Cai,2026-04-24,17:48:50,-07:00,2026-04-24T17:48:50-07:00,0,42
index.js,5,js,cc7473bf,Jimbo Cai,2026-04-24,17:48:50,-07:00,2026-04-24T17:48:50-07:00,0,0
index.js,6,js,cc7473bf,Jimbo Cai,2026-04-24,17:48:50,-07:00,2026-04-24T17:48:50-07:00,0,60
index.js,7,js,cc7473bf,Jimbo Cai,2026-04-24,17:48:50,-07:00,2026-04-24T17:48:50-07:00,0,54
index.js,8,js,cc7473bf,Jimbo Cai,2026-04-24,17:48:50,-07:00,2026-04-24T17:48:50-07:00,0,0
index.js,9,js,cc7473bf,Jimbo Cai,2026-04-24,17:48:50,-07:00,2026-04-24T17:48:50-07:00,0,49
index.js,10,js,cc7473bf,Jimbo Cai,2026-04-24,17:48:50,-07:00,2026-04-24T17:48:50-07:00,0,0
index.js,11,js,cc7473bf,Jimbo Cai,2026-04-24,17:48:50,-07:00,2026-04-24T17:48:50-07:00,0,60
index.js,12,js,cc7473bf,Jimbo Cai,2026-04-24,17:48:50,-07:00,2026-04-24T17:48:50-07:00,0,0
index.js,13,js,cc7473bf,Jimbo Cai,2026-04-24,17:48:50,-07:00,2026-04-24T17:48:50-07:00,0,17
index.js,14,js,cc7473bf,Jimbo Cai,2026-04-24,17:48:50,-07:00,2026-04-24T17:48:50-07:00,2,24
index.js,15,js,cc7473bf,Jimbo Cai,2026-04-24,17:48:50,-07:00,2026-04-24T17:48:50-07:00,4,2
index.js,16,js,cc7473bf,Jimbo Cai,2026-04-24,17:48:50,-07:00,2026-04-24T17:48:50-07:00,6,48
index.js,17,js,cc7473bf,Jimbo Cai,2026-04-24,17:48:50,-07:00,2026-04-24T17:48:50-07:00,6,48
index.js,18,js,cc7473bf,Jimbo Cai,2026-04-24,17:48:50,-07:00,2026-04-24T17:48:50-07:00,6,54
index.js,19,js,cc7473bf,Jimbo Cai,2026-04-24,17:48:50,-07:00,2026-04-24T17:48:50-07:00,6,54
index.js,20,js,cc7473bf,Jimbo Cai,2026-04-24,17:48:50,-07:00,2026-04-24T17:48:50-07:00,4,3
index.js,21,js,cc7473bf,Jimbo Cai,2026-04-24,17:48:50,-07:00,2026-04-24T17:48:50-07:00,2,0
index.js,22,js,cc7473bf,Jimbo Cai,2026-04-24,17:48:50,-07:00,2026-04-24T17:48:50-07:00,0,0
index.html,1,html,300290d4,Jimbo Cai,2026-04-03,17:31:55,-07:00,2026-04-03T17:31:55-07:00,0,13
index.html,2,html,300290d4,Jimbo Cai,2026-04-03,17:31:55,-07:00,2026-04-03T17:31:55-07:00,0,14
index.html,3,html,300290d4,Jimbo Cai,2026-04-03,17:31:55,-07:00,2026-04-03T17:31:55-07:00,0,4
index.html,4,html,300290d4,Jimbo Cai,2026-04-03,17:31:55,-07:00,2026-04-03T17:31:55-07:00,2,20
index.html,5,html,300290d4,Jimbo Cai,2026-04-03,17:31:55,-07:00,2026-04-03T17:31:55-07:00,2,68
index.html,6,html,300290d4,Jimbo Cai,2026-04-03,17:31:55,-07:00,2026-04-03T17:31:55-07:00,2,51
index.html,7,html,2f61a977,Jimbo Cai,2026-04-03,23:35:54,-07:00,2026-04-03T23:35:54-07:00,2,38
index.html,8,html,815e93bf,Jimbo Cai,2026-04-17,13:18:32,-07:00,2026-04-17T13:18:32-07:00,2,45
index.html,9,html,cc7473bf,Jimbo Cai,2026-04-24,17:48:50,-07:00,2026-04-24T17:48:50-07:00,2,50
index.html,10,html,300290d4,Jimbo Cai,2026-04-03,17:31:55,-07:00,2026-04-03T17:31:55-07:00,0,5
index.html,11,html,300290d4,Jimbo Cai,2026-04-03,17:31:55,-07:00,2026-04-03T17:31:55-07:00,0,4
index.html,12,html,300290d4,Jimbo Cai,2026-04-03,17:31:55,-07:00,2026-04-03T17:31:55-07:00,2,16
index.html,13,html,28f6d095,Jimbo Cai,2026-04-03,17:48:16,-07:00,2026-04-03T17:48:16-07:00,2,73
index.html,14,html,28f6d095,Jimbo Cai,2026-04-03,17:48:16,-07:00,2026-04-03T17:48:16-07:00,2,56
index.html,15,html,cc7473bf,Jimbo Cai,2026-04-24,17:48:50,-07:00,2026-04-24T17:48:50-07:00,0,0
index.html,16,html,cc7473bf,Jimbo Cai,2026-04-24,17:48:50,-07:00,2026-04-24T17:48:50-07:00,2,22
index.html,17,html,cc7473bf,Jimbo Cai,2026-04-24,17:48:50,-07:00,2026-04-24T17:48:50-07:00,2,20
index.html,18,html,cc7473bf,Jimbo Cai,2026-04-24,17:48:50,-07:00,2026-04-24T17:48:50-07:00,4,25
index.html,19,html,cc7473bf,Jimbo Cai,2026-04-24,17:48:50,-07:00,2026-04-24T17:48:50-07:00,2,4
index.html,20,html,cc7473bf,Jimbo Cai,2026-04-24,17:48:50,-07:00,2026-04-24T17:48:50-07:00,0,0
index.html,21,html,cc7473bf,Jimbo Cai,2026-04-24,17:48:50,-07:00,2026-04-24T17:48:50-07:00,2,22
index.html,22,html,cc7473bf,Jimbo Cai,2026-04-24,17:48:50,-07:00,2026-04-24T17:48:50-07:00,4,34
index.html,23,html,cc7473bf,Jimbo Cai,2026-04-24,17:48:50,-07:00,2026-04-24T17:48:50-07:00,2,4
index.html,24,html,300290d4,Jimbo Cai,2026-04-03,17:31:55,-07:00,2026-04-03T17:31:55-07:00,0,5
index.html,25,html,300290d4,Jimbo Cai,2026-04-03,17:31:55,-07:00,2026-04-03T17:31:55-07:00,0,5
global.js,1,js,815e93bf,Jimbo Cai,2026-04-17,13:18:32,-07:00,2026-04-17T13:18:32-07:00,0,25
global.js,2,js,815e93bf,Jimbo Cai,2026-04-17,13:18:32,-07:00,2026-04-17T13:18:32-07:00,0,0
global.js,3,js,815e93bf,Jimbo Cai,2026-04-17,13:18:32,-07:00,2026-04-17T13:18:32-07:00,0,41
global.js,4,js,815e93bf,Jimbo Cai,2026-04-17,13:18:32,-07:00,2026-04-17T13:18:32-07:00,2,52
global.js,5,js,815e93bf,Jimbo Cai,2026-04-17,13:18:32,-07:00,2026-04-17T13:18:32-07:00,0,0
global.js,6,js,815e93bf,Jimbo Cai,2026-04-17,13:18:32,-07:00,2026-04-17T13:18:32-07:00,0,0
global.js,7,js,815e93bf,Jimbo Cai,2026-04-17,13:18:32,-07:00,2026-04-17T13:18:32-07:00,0,11
global.js,8,js,815e93bf,Jimbo Cai,2026-04-17,13:18:32,-07:00,2026-04-17T13:18:32-07:00,0,88
global.js,9,js,cc7473bf,Jimbo Cai,2026-04-24,17:48:50,-07:00,2026-04-24T17:48:50-07:00,2,3
global.js,10,js,815e93bf,Jimbo Cai,2026-04-17,13:18:32,-07:00,2026-04-17T13:18:32-07:00,2,14
global.js,11,js,815e93bf,Jimbo Cai,2026-04-17,13:18:32,-07:00,2026-04-17T13:18:32-07:00,0,0
global.js,12,js,815e93bf,Jimbo Cai,2026-04-17,13:18:32,-07:00,2026-04-17T13:18:32-07:00,0,11
global.js,13,js,815e93bf,Jimbo Cai,2026-04-17,13:18:32,-07:00,2026-04-17T13:18:32-07:00,2,25
global.js,14,js,815e93bf,Jimbo Cai,2026-04-17,13:18:32,-07:00,2026-04-17T13:18:32-07:00,2,38
global.js,15,js,815e93bf,Jimbo Cai,2026-04-17,13:18:32,-07:00,2026-04-17T13:18:32-07:00,2,34
global.js,16,js,815e93bf,Jimbo Cai,2026-04-17,13:18:32,-07:00,2026-04-17T13:18:32-07:00,2,36
global.js,17,js,815e93bf,Jimbo Cai,2026-04-17,13:18:32,-07:00,2026-04-17T13:18:32-07:00,2,52
global.js,18,js,815e93bf,Jimbo Cai,2026-04-17,13:18:32,-07:00,2026-04-17T13:18:32-07:00,0,0
global.js,19,js,815e93bf,Jimbo Cai,2026-04-17,13:18:32,-07:00,2026-04-17T13:18:32-07:00,0,0
global.js,20,js,815e93bf,Jimbo Cai,2026-04-17,13:18:32,-07:00,2026-04-17T13:18:32-07:00,0,38
global.js,21,js,815e93bf,Jimbo Cai,2026-04-17,13:18:32,-07:00,2026-04-17T13:18:32-07:00,0,25
global.js,22,js,815e93bf,Jimbo Cai,2026-04-17,13:18:32,-07:00,2026-04-17T13:18:32-07:00,0,0
global.js,23,js,815e93bf,Jimbo Cai,2026-04-17,13:18:32,-07:00,2026-04-17T13:18:32-07:00,0,20
global.js,24,js,815e93bf,Jimbo Cai,2026-04-17,13:18:32,-07:00,2026-04-17T13:18:32-07:00,2,14
global.js,25,js,815e93bf,Jimbo Cai,2026-04-17,13:18:32,-07:00,2026-04-17T13:18:32-07:00,2,18
global.js,26,js,815e93bf,Jimbo Cai,2026-04-17,13:18:32,-07:00,2026-04-17T13:18:32-07:00,0,0
global.js,27,js,815e93bf,Jimbo Cai,2026-04-17,13:18:32,-07:00,2026-04-17T13:18:32-07:00,2,28
global.js,28,js,815e93bf,Jimbo Cai,2026-04-17,13:18:32,-07:00,2026-04-17T13:18:32-07:00,4,20
global.js,29,js,815e93bf,Jimbo Cai,2026-04-17,13:18:32,-07:00,2026-04-17T13:18:32-07:00,2,0
global.js,30,js,815e93bf,Jimbo Cai,2026-04-17,13:18:32,-07:00,2026-04-17T13:18:32-07:00,0,0
global.js,31,js,815e93bf,Jimbo Cai,2026-04-17,13:18:32,-07:00,2026-04-17T13:18:32-07:00,2,34
global.js,32,js,815e93bf,Jimbo Cai,2026-04-17,13:18:32,-07:00,2026-04-17T13:18:32-07:00,2,11
global.js,33,js,815e93bf,Jimbo Cai,2026-04-17,13:18:32,-07:00,2026-04-17T13:18:32-07:00,2,20
global.js,34,js,815e93bf,Jimbo Cai,2026-04-17,13:18:32,-07:00,2026-04-17T13:18:32-07:00,0,0
global.js,35,js,815e93bf,Jimbo Cai,2026-04-17,13:18:32,-07:00,2026-04-17T13:18:32-07:00,2,65
global.js,36,js,815e93bf,Jimbo Cai,2026-04-17,13:18:32,-07:00,2026-04-17T13:18:32-07:00,4,25
global.js,37,js,815e93bf,Jimbo Cai,2026-04-17,13:18:32,-07:00,2026-04-17T13:18:32-07:00,2,0
global.js,38,js,815e93bf,Jimbo Cai,2026-04-17,13:18:32,-07:00,2026-04-17T13:18:32-07:00,0,0
global.js,39,js,815e93bf,Jimbo Cai,2026-04-17,13:18:32,-07:00,2026-04-17T13:18:32-07:00,2,29
global.js,40,js,815e93bf,Jimbo Cai,2026-04-17,13:18:32,-07:00,2026-04-17T13:18:32-07:00,4,18
global.js,41,js,815e93bf,Jimbo Cai,2026-04-17,13:18:32,-07:00,2026-04-17T13:18:32-07:00,2,0
global.js,42,js,815e93bf,Jimbo Cai,2026-04-17,13:18:32,-07:00,2026-04-17T13:18:32-07:00,0,0
global.js,43,js,815e93bf,Jimbo Cai,2026-04-17,13:18:32,-07:00,2026-04-17T13:18:32-07:00,2,12
global.js,44,js,815e93bf,Jimbo Cai,2026-04-17,13:18:32,-07:00,2026-04-17T13:18:32-07:00,0,0
global.js,45,js,815e93bf,Jimbo Cai,2026-04-17,13:18:32,-07:00,2026-04-17T13:18:32-07:00,0,0
global.js,46,js,815e93bf,Jimbo Cai,2026-04-17,13:18:32,-07:00,2026-04-17T13:18:32-07:00,0,19
global.js,47,js,815e93bf,Jimbo Cai,2026-04-17,13:18:32,-07:00,2026-04-17T13:18:32-07:00,0,31
global.js,48,js,815e93bf,Jimbo Cai,2026-04-17,13:18:32,-07:00,2026-04-17T13:18:32-07:00,2,11
global.js,49,js,815e93bf,Jimbo Cai,2026-04-17,13:18:32,-07:00,2026-04-17T13:18:32-07:00,2,27
global.js,50,js,815e93bf,Jimbo Cai,2026-04-17,13:18:32,-07:00,2026-04-17T13:18:32-07:00,4,4
global.js,51,js,815e93bf,Jimbo Cai,2026-04-17,13:18:32,-07:00,2026-04-17T13:18:32-07:00,4,6
global.js,52,js,815e93bf,Jimbo Cai,2026-04-17,13:18:32,-07:00,2026-04-17T13:18:32-07:00,6,43
global.js,53,js,815e93bf,Jimbo Cai,2026-04-17,13:18:32,-07:00,2026-04-17T13:18:32-07:00,6,34
global.js,54,js,815e93bf,Jimbo Cai,2026-04-17,13:18:32,-07:00,2026-04-17T13:18:32-07:00,6,32
global.js,55,js,815e93bf,Jimbo Cai,2026-04-17,13:18:32,-07:00,2026-04-17T13:18:32-07:00,4,7
global.js,56,js,815e93bf,Jimbo Cai,2026-04-17,13:18:32,-07:00,2026-04-17T13:18:32-07:00,2,7
global.js,57,js,815e93bf,Jimbo Cai,2026-04-17,13:18:32,-07:00,2026-04-17T13:18:32-07:00,0,0
global.js,58,js,815e93bf,Jimbo Cai,2026-04-17,13:18:32,-07:00,2026-04-17T13:18:32-07:00,0,0
global.js,59,js,815e93bf,Jimbo Cai,2026-04-17,13:18:32,-07:00,2026-04-17T13:18:32-07:00,0,58
global.js,60,js,815e93bf,Jimbo Cai,2026-04-17,13:18:32,-07:00,2026-04-17T13:18:32-07:00,0,0
global.js,61,js,815e93bf,Jimbo Cai,2026-04-17,13:18:32,-07:00,2026-04-17T13:18:32-07:00,0,36
global.js,62,js,815e93bf,Jimbo Cai,2026-04-17,13:18:32,-07:00,2026-04-17T13:18:32-07:00,2,70
global.js,63,js,815e93bf,Jimbo Cai,2026-04-17,13:18:32,-07:00,2026-04-17T13:18:32-07:00,2,25
global.js,64,js,815e93bf,Jimbo Cai,2026-04-17,13:18:32,-07:00,2026-04-17T13:18:32-07:00,0,0
global.js,65,js,815e93bf,Jimbo Cai,2026-04-17,13:18:32,-07:00,2026-04-17T13:18:32-07:00,0,0
global.js,66,js,815e93bf,Jimbo Cai,2026-04-17,13:18:32,-07:00,2026-04-17T13:18:32-07:00,0,34
global.js,67,js,815e93bf,Jimbo Cai,2026-04-17,13:18:32,-07:00,2026-04-17T13:18:32-07:00,2,39
global.js,68,js,815e93bf,Jimbo Cai,2026-04-17,13:18:32,-07:00,2026-04-17T13:18:32-07:00,0,0
global.js,69,js,815e93bf,Jimbo Cai,2026-04-17,13:18:32,-07:00,2026-04-17T13:18:32-07:00,0,0
global.js,70,js,815e93bf,Jimbo Cai,2026-04-17,13:18:32,-07:00,2026-04-17T13:18:32-07:00,0,48
global.js,71,js,815e93bf,Jimbo Cai,2026-04-17,13:18:32,-07:00,2026-04-17T13:18:32-07:00,2,44
global.js,72,js,815e93bf,Jimbo Cai,2026-04-17,13:18:32,-07:00,2026-04-17T13:18:32-07:00,2,33
global.js,73,js,cc7473bf,Jimbo Cai,2026-04-24,17:48:50,-07:00,2026-04-24T17:48:50-07:00,0,1
global.js,74,js,cc7473bf,Jimbo Cai,2026-04-24,17:48:50,-07:00,2026-04-24T17:48:50-07:00,0,0
global.js,75,js,cc7473bf,Jimbo Cai,2026-04-24,17:48:50,-07:00,2026-04-24T17:48:50-07:00,0,36
global.js,76,js,cc7473bf,Jimbo Cai,2026-04-24,17:48:50,-07:00,2026-04-24T17:48:50-07:00,2,3
global.js,77,js,cc7473bf,Jimbo Cai,2026-04-24,17:48:50,-07:00,2026-04-24T17:48:50-07:00,4,32
global.js,78,js,cc7473bf,Jimbo Cai,2026-04-24,17:48:50,-07:00,2026-04-24T17:48:50-07:00,4,17
global.js,79,js,cc7473bf,Jimbo Cai,2026-04-24,17:48:50,-07:00,2026-04-24T17:48:50-07:00,6,57
global.js,80,js,cc7473bf,Jimbo Cai,2026-04-24,17:48:50,-07:00,2026-04-24T17:48:50-07:00,4,0
global.js,81,js,cc7473bf,Jimbo Cai,2026-04-24,17:48:50,-07:00,2026-04-24T17:48:50-07:00,4,33
global.js,82,js,cc7473bf,Jimbo Cai,2026-04-24,17:48:50,-07:00,2026-04-24T17:48:50-07:00,4,10
global.js,83,js,cc7473bf,Jimbo Cai,2026-04-24,17:48:50,-07:00,2026-04-24T17:48:50-07:00,2,15
global.js,84,js,cc7473bf,Jimbo Cai,2026-04-24,17:48:50,-07:00,2026-04-24T17:48:50-07:00,4,59
global.js,85,js,cc7473bf,Jimbo Cai,2026-04-24,17:48:50,-07:00,2026-04-24T17:48:50-07:00,2,0
global.js,86,js,cc7473bf,Jimbo Cai,2026-04-24,17:48:50,-07:00,2026-04-24T17:48:50-07:00,0,0
global.js,87,js,cc7473bf,Jimbo Cai,2026-04-24,17:48:50,-07:00,2026-04-24T17:48:50-07:00,0,0
global.js,88,js,cc7473bf,Jimbo Cai,2026-04-24,17:48:50,-07:00,2026-04-24T17:48:50-07:00,0,79
global.js,89,js,cc7473bf,Jimbo Cai,2026-04-24,17:48:50,-07:00,2026-04-24T17:48:50-07:00,2,30
global.js,90,js,cc7473bf,Jimbo Cai,2026-04-24,17:48:50,-07:00,2026-04-24T17:48:50-07:00,0,0
global.js,91,js,cc7473bf,Jimbo Cai,2026-04-24,17:48:50,-07:00,2026-04-24T17:48:50-07:00,2,29
global.js,92,js,cc7473bf,Jimbo Cai,2026-04-24,17:48:50,-07:00,2026-04-24T17:48:50-07:00,4,46
global.js,93,js,cc7473bf,Jimbo Cai,2026-04-24,17:48:50,-07:00,2026-04-24T17:48:50-07:00,0,0
global.js,94,js,cc7473bf,Jimbo Cai,2026-04-24,17:48:50,-07:00,2026-04-24T17:48:50-07:00,4,19
global.js,95,js,cc7473bf,Jimbo Cai,2026-04-24,17:48:50,-07:00,2026-04-24T17:48:50-07:00,6,49
global.js,96,js,cc7473bf,Jimbo Cai,2026-04-24,17:48:50,-07:00,2026-04-24T17:48:50-07:00,6,49
global.js,97,js,66a709c2,Jimbo Cai,2026-05-01,15:08:29,-07:00,2026-05-01T15:08:29-07:00,6,3
global.js,98,js,66a709c2,Jimbo Cai,2026-05-01,15:08:29,-07:00,2026-05-01T15:08:29-07:00,8,27
global.js,99,js,66a709c2,Jimbo Cai,2026-05-01,15:08:29,-07:00,2026-05-01T15:08:29-07:00,8,44
global.js,100,js,66a709c2,Jimbo Cai,2026-05-01,15:08:29,-07:00,2026-05-01T15:08:29-07:00,6,4
global.js,101,js,cc7473bf,Jimbo Cai,2026-04-24,17:48:50,-07:00,2026-04-24T17:48:50-07:00,4,0
global.js,102,js,cc7473bf,Jimbo Cai,2026-04-24,17:48:50,-07:00,2026-04-24T17:48:50-07:00,0,0
global.js,103,js,cc7473bf,Jimbo Cai,2026-04-24,17:48:50,-07:00,2026-04-24T17:48:50-07:00,4,36
global.js,104,js,cc7473bf,Jimbo Cai,2026-04-24,17:48:50,-07:00,2026-04-24T17:48:50-07:00,2,0
global.js,105,js,cc7473bf,Jimbo Cai,2026-04-24,17:48:50,-07:00,2026-04-24T17:48:50-07:00,0,0
global.js,106,js,cc7473bf,Jimbo Cai,2026-04-24,17:48:50,-07:00,2026-04-24T17:48:50-07:00,0,0
global.js,107,js,cc7473bf,Jimbo Cai,2026-04-24,17:48:50,-07:00,2026-04-24T17:48:50-07:00,0,47
global.js,108,js,cc7473bf,Jimbo Cai,2026-04-24,17:48:50,-07:00,2026-04-24T17:48:50-07:00,2,59
global.js,109,js,cc7473bf,Jimbo Cai,2026-04-24,17:48:50,-07:00,2026-04-24T17:48:50-07:00,0,0
resume/index.html,1,html,2f61a977,Jimbo Cai,2026-04-03,23:35:54,-07:00,2026-04-03T23:35:54-07:00,0,13
resume/index.html,2,html,2f61a977,Jimbo Cai,2026-04-03,23:35:54,-07:00,2026-04-03T23:35:54-07:00,0,14
resume/index.html,3,html,2f61a977,Jimbo Cai,2026-04-03,23:35:54,-07:00,2026-04-03T23:35:54-07:00,0,4
resume/index.html,4,html,2f61a977,Jimbo Cai,2026-04-03,23:35:54,-07:00,2026-04-03T23:35:54-07:00,2,20
resume/index.html,5,html,2f61a977,Jimbo Cai,2026-04-03,23:35:54,-07:00,2026-04-03T23:35:54-07:00,2,68
resume/index.html,6,html,2f61a977,Jimbo Cai,2026-04-03,23:35:54,-07:00,2026-04-03T23:35:54-07:00,2,30
resume/index.html,7,html,2f61a977,Jimbo Cai,2026-04-03,23:35:54,-07:00,2026-04-03T23:35:54-07:00,2,41
resume/index.html,8,html,815e93bf,Jimbo Cai,2026-04-17,13:18:32,-07:00,2026-04-17T13:18:32-07:00,2,48
resume/index.html,9,html,2f61a977,Jimbo Cai,2026-04-03,23:35:54,-07:00,2026-04-03T23:35:54-07:00,0,5
resume/index.html,10,html,1c4f088b,Jimbo Cai,2026-04-10,07:16:43,-07:00,2026-04-10T07:16:43-07:00,0,19
resume/index.html,11,html,2f61a977,Jimbo Cai,2026-04-03,23:35:54,-07:00,2026-04-03T23:35:54-07:00,2,16
resume/index.html,12,html,2f61a977,Jimbo Cai,2026-04-03,23:35:54,-07:00,2026-04-03T23:35:54-07:00,2,99
resume/index.html,13,html,2f61a977,Jimbo Cai,2026-04-03,23:35:54,-07:00,2026-04-03T23:35:54-07:00,0,0
resume/index.html,14,html,2f61a977,Jimbo Cai,2026-04-03,23:35:54,-07:00,2026-04-03T23:35:54-07:00,2,7
resume/index.html,15,html,2f61a977,Jimbo Cai,2026-04-03,23:35:54,-07:00,2026-04-03T23:35:54-07:00,4,16
resume/index.html,16,html,2f61a977,Jimbo Cai,2026-04-03,23:35:54,-07:00,2026-04-03T23:35:54-07:00,4,7
resume/index.html,17,html,2f61a977,Jimbo Cai,2026-04-03,23:35:54,-07:00,2026-04-03T23:35:54-07:00,6,6
resume/index.html,18,html,2f61a977,Jimbo Cai,2026-04-03,23:35:54,-07:00,2026-04-03T23:35:54-07:00,8,61
resume/index.html,19,html,2f61a977,Jimbo Cai,2026-04-03,23:35:54,-07:00,2026-04-03T23:35:54-07:00,8,103
resume/index.html,20,html,2f61a977,Jimbo Cai,2026-04-03,23:35:54,-07:00,2026-04-03T23:35:54-07:00,6,7
resume/index.html,21,html,2f61a977,Jimbo Cai,2026-04-03,23:35:54,-07:00,2026-04-03T23:35:54-07:00,4,8
resume/index.html,22,html,2f61a977,Jimbo Cai,2026-04-03,23:35:54,-07:00,2026-04-03T23:35:54-07:00,2,8
resume/index.html,23,html,2f61a977,Jimbo Cai,2026-04-03,23:35:54,-07:00,2026-04-03T23:35:54-07:00,0,0
resume/index.html,24,html,2f61a977,Jimbo Cai,2026-04-03,23:35:54,-07:00,2026-04-03T23:35:54-07:00,2,7
resume/index.html,25,html,2f61a977,Jimbo Cai,2026-04-03,23:35:54,-07:00,2026-04-03T23:35:54-07:00,4,17
resume/index.html,26,html,2f61a977,Jimbo Cai,2026-04-03,23:35:54,-07:00,2026-04-03T23:35:54-07:00,0,0
resume/index.html,27,html,2f61a977,Jimbo Cai,2026-04-03,23:35:54,-07:00,2026-04-03T23:35:54-07:00,4,7
resume/index.html,28,html,2f61a977,Jimbo Cai,2026-04-03,23:35:54,-07:00,2026-04-03T23:35:54-07:00,6,6
resume/index.html,29,html,2f61a977,Jimbo Cai,2026-04-03,23:35:54,-07:00,2026-04-03T23:35:54-07:00,8,39
resume/index.html,30,html,2f61a977,Jimbo Cai,2026-04-03,23:35:54,-07:00,2026-04-03T23:35:54-07:00,8,166
resume/index.html,31,html,2f61a977,Jimbo Cai,2026-04-03,23:35:54,-07:00,2026-04-03T23:35:54-07:00,6,7
resume/index.html,32,html,2f61a977,Jimbo Cai,2026-04-03,23:35:54,-07:00,2026-04-03T23:35:54-07:00,6,2
resume/index.html,33,html,2f61a977,Jimbo Cai,2026-04-03,23:35:54,-07:00,2026-04-03T23:35:54-07:00,8,173
resume/index.html,34,html,2f61a977,Jimbo Cai,2026-04-03,23:35:54,-07:00,2026-04-03T23:35:54-07:00,8,157
resume/index.html,35,html,2f61a977,Jimbo Cai,2026-04-03,23:35:54,-07:00,2026-04-03T23:35:54-07:00,6,3
resume/index.html,36,html,2f61a977,Jimbo Cai,2026-04-03,23:35:54,-07:00,2026-04-03T23:35:54-07:00,4,8
resume/index.html,37,html,2f61a977,Jimbo Cai,2026-04-03,23:35:54,-07:00,2026-04-03T23:35:54-07:00,0,0
resume/index.html,38,html,2f61a977,Jimbo Cai,2026-04-03,23:35:54,-07:00,2026-04-03T23:35:54-07:00,4,7
resume/index.html,39,html,2f61a977,Jimbo Cai,2026-04-03,23:35:54,-07:00,2026-04-03T23:35:54-07:00,6,6
resume/index.html,40,html,2f61a977,Jimbo Cai,2026-04-03,23:35:54,-07:00,2026-04-03T23:35:54-07:00,8,38
resume/index.html,41,html,2f61a977,Jimbo Cai,2026-04-03,23:35:54,-07:00,2026-04-03T23:35:54-07:00,8,130
resume/index.html,42,html,2f61a977,Jimbo Cai,2026-04-03,23:35:54,-07:00,2026-04-03T23:35:54-07:00,6,7
resume/index.html,43,html,2f61a977,Jimbo Cai,2026-04-03,23:35:54,-07:00,2026-04-03T23:35:54-07:00,6,2
resume/index.html,44,html,2f61a977,Jimbo Cai,2026-04-03,23:35:54,-07:00,2026-04-03T23:35:54-07:00,8,115
resume/index.html,45,html,2f61a977,Jimbo Cai,2026-04-03,23:35:54,-07:00,2026-04-03T23:35:54-07:00,6,3
resume/index.html,46,html,2f61a977,Jimbo Cai,2026-04-03,23:35:54,-07:00,2026-04-03T23:35:54-07:00,4,8
resume/index.html,47,html,2f61a977,Jimbo Cai,2026-04-03,23:35:54,-07:00,2026-04-03T23:35:54-07:00,0,0
resume/index.html,48,html,2f61a977,Jimbo Cai,2026-04-03,23:35:54,-07:00,2026-04-03T23:35:54-07:00,4,7
resume/index.html,49,html,2f61a977,Jimbo Cai,2026-04-03,23:35:54,-07:00,2026-04-03T23:35:54-07:00,6,6
resume/index.html,50,html,2f61a977,Jimbo Cai,2026-04-03,23:35:54,-07:00,2026-04-03T23:35:54-07:00,8,48
resume/index.html,51,html,2f61a977,Jimbo Cai,2026-04-03,23:35:54,-07:00,2026-04-03T23:35:54-07:00,8,145
resume/index.html,52,html,2f61a977,Jimbo Cai,2026-04-03,23:35:54,-07:00,2026-04-03T23:35:54-07:00,6,7
resume/index.html,53,html,2f61a977,Jimbo Cai,2026-04-03,23:35:54,-07:00,2026-04-03T23:35:54-07:00,6,2
resume/index.html,54,html,2f61a977,Jimbo Cai,2026-04-03,23:35:54,-07:00,2026-04-03T23:35:54-07:00,8,177
resume/index.html,55,html,2f61a977,Jimbo Cai,2026-04-03,23:35:54,-07:00,2026-04-03T23:35:54-07:00,6,3
resume/index.html,56,html,2f61a977,Jimbo Cai,2026-04-03,23:35:54,-07:00,2026-04-03T23:35:54-07:00,4,8
resume/index.html,57,html,2f61a977,Jimbo Cai,2026-04-03,23:35:54,-07:00,2026-04-03T23:35:54-07:00,2,8
resume/index.html,58,html,2f61a977,Jimbo Cai,2026-04-03,23:35:54,-07:00,2026-04-03T23:35:54-07:00,0,0
resume/index.html,59,html,2f61a977,Jimbo Cai,2026-04-03,23:35:54,-07:00,2026-04-03T23:35:54-07:00,2,7
resume/index.html,60,html,2f61a977,Jimbo Cai,2026-04-03,23:35:54,-07:00,2026-04-03T23:35:54-07:00,4,15
resume/index.html,61,html,2f61a977,Jimbo Cai,2026-04-03,23:35:54,-07:00,2026-04-03T23:35:54-07:00,0,0
resume/index.html,62,html,2f61a977,Jimbo Cai,2026-04-03,23:35:54,-07:00,2026-04-03T23:35:54-07:00,4,7
resume/index.html,63,html,2f61a977,Jimbo Cai,2026-04-03,23:35:54,-07:00,2026-04-03T23:35:54-07:00,6,6
resume/index.html,64,html,2f61a977,Jimbo Cai,2026-04-03,23:35:54,-07:00,2026-04-03T23:35:54-07:00,8,64
resume/index.html,65,html,2f61a977,Jimbo Cai,2026-04-03,23:35:54,-07:00,2026-04-03T23:35:54-07:00,8,88
resume/index.html,66,html,2f61a977,Jimbo Cai,2026-04-03,23:35:54,-07:00,2026-04-03T23:35:54-07:00,6,7
resume/index.html,67,html,2f61a977,Jimbo Cai,2026-04-03,23:35:54,-07:00,2026-04-03T23:35:54-07:00,6,2
resume/index.html,68,html,2f61a977,Jimbo Cai,2026-04-03,23:35:54,-07:00,2026-04-03T23:35:54-07:00,8,201
resume/index.html,69,html,2f61a977,Jimbo Cai,2026-04-03,23:35:54,-07:00,2026-04-03T23:35:54-07:00,8,179
resume/index.html,70,html,2f61a977,Jimbo Cai,2026-04-03,23:35:54,-07:00,2026-04-03T23:35:54-07:00,8,169
resume/index.html,71,html,2f61a977,Jimbo Cai,2026-04-03,23:35:54,-07:00,2026-04-03T23:35:54-07:00,6,3
resume/index.html,72,html,2f61a977,Jimbo Cai,2026-04-03,23:35:54,-07:00,2026-04-03T23:35:54-07:00,4,8
resume/index.html,73,html,2f61a977,Jimbo Cai,2026-04-03,23:35:54,-07:00,2026-04-03T23:35:54-07:00,0,0
resume/index.html,74,html,2f61a977,Jimbo Cai,2026-04-03,23:35:54,-07:00,2026-04-03T23:35:54-07:00,4,7
resume/index.html,75,html,2f61a977,Jimbo Cai,2026-04-03,23:35:54,-07:00,2026-04-03T23:35:54-07:00,6,6
resume/index.html,76,html,2f61a977,Jimbo Cai,2026-04-03,23:35:54,-07:00,2026-04-03T23:35:54-07:00,8,47
resume/index.html,77,html,2f61a977,Jimbo Cai,2026-04-03,23:35:54,-07:00,2026-04-03T23:35:54-07:00,8,88
resume/index.html,78,html,2f61a977,Jimbo Cai,2026-04-03,23:35:54,-07:00,2026-04-03T23:35:54-07:00,6,7
resume/index.html,79,html,2f61a977,Jimbo Cai,2026-04-03,23:35:54,-07:00,2026-04-03T23:35:54-07:00,6,2
resume/index.html,80,html,2f61a977,Jimbo Cai,2026-04-03,23:35:54,-07:00,2026-04-03T23:35:54-07:00,8,105
resume/index.html,81,html,2f61a977,Jimbo Cai,2026-04-03,23:35:54,-07:00,2026-04-03T23:35:54-07:00,8,178
resume/index.html,82,html,2f61a977,Jimbo Cai,2026-04-03,23:35:54,-07:00,2026-04-03T23:35:54-07:00,6,3
resume/index.html,83,html,2f61a977,Jimbo Cai,2026-04-03,23:35:54,-07:00,2026-04-03T23:35:54-07:00,4,8
resume/index.html,84,html,2f61a977,Jimbo Cai,2026-04-03,23:35:54,-07:00,2026-04-03T23:35:54-07:00,0,0
resume/index.html,85,html,2f61a977,Jimbo Cai,2026-04-03,23:35:54,-07:00,2026-04-03T23:35:54-07:00,4,7
resume/index.html,86,html,2f61a977,Jimbo Cai,2026-04-03,23:35:54,-07:00,2026-04-03T23:35:54-07:00,6,6
resume/index.html,87,html,2f61a977,Jimbo Cai,2026-04-03,23:35:54,-07:00,2026-04-03T23:35:54-07:00,8,51
resume/index.html,88,html,2f61a977,Jimbo Cai,2026-04-03,23:35:54,-07:00,2026-04-03T23:35:54-07:00,8,88
resume/index.html,89,html,2f61a977,Jimbo Cai,2026-04-03,23:35:54,-07:00,2026-04-03T23:35:54-07:00,6,7
resume/index.html,90,html,2f61a977,Jimbo Cai,2026-04-03,23:35:54,-07:00,2026-04-03T23:35:54-07:00,6,2
resume/index.html,91,html,2f61a977,Jimbo Cai,2026-04-03,23:35:54,-07:00,2026-04-03T23:35:54-07:00,8,130
resume/index.html,92,html,2f61a977,Jimbo Cai,2026-04-03,23:35:54,-07:00,2026-04-03T23:35:54-07:00,8,114
resume/index.html,93,html,2f61a977,Jimbo Cai,2026-04-03,23:35:54,-07:00,2026-04-03T23:35:54-07:00,8,148
resume/index.html,94,html,2f61a977,Jimbo Cai,2026-04-03,23:35:54,-07:00,2026-04-03T23:35:54-07:00,6,3
resume/index.html,95,html,2f61a977,Jimbo Cai,2026-04-03,23:35:54,-07:00,2026-04-03T23:35:54-07:00,4,8
resume/index.html,96,html,2f61a977,Jimbo Cai,2026-04-03,23:35:54,-07:00,2026-04-03T23:35:54-07:00,0,0
resume/index.html,97,html,2f61a977,Jimbo Cai,2026-04-03,23:35:54,-07:00,2026-04-03T23:35:54-07:00,4,7
resume/index.html,98,html,2f61a977,Jimbo Cai,2026-04-03,23:35:54,-07:00,2026-04-03T23:35:54-07:00,6,6
resume/index.html,99,html,2f61a977,Jimbo Cai,2026-04-03,23:35:54,-07:00,2026-04-03T23:35:54-07:00,8,47
resume/index.html,100,html,2f61a977,Jimbo Cai,2026-04-03,23:35:54,-07:00,2026-04-03T23:35:54-07:00,8,88
resume/index.html,101,html,2f61a977,Jimbo Cai,2026-04-03,23:35:54,-07:00,2026-04-03T23:35:54-07:00,6,7
resume/index.html,102,html,2f61a977,Jimbo Cai,2026-04-03,23:35:54,-07:00,2026-04-03T23:35:54-07:00,6,2
resume/index.html,103,html,2f61a977,Jimbo Cai,2026-04-03,23:35:54,-07:00,2026-04-03T23:35:54-07:00,8,138
resume/index.html,104,html,2f61a977,Jimbo Cai,2026-04-03,23:35:54,-07:00,2026-04-03T23:35:54-07:00,8,120
resume/index.html,105,html,2f61a977,Jimbo Cai,2026-04-03,23:35:54,-07:00,2026-04-03T23:35:54-07:00,6,3
resume/index.html,106,html,2f61a977,Jimbo Cai,2026-04-03,23:35:54,-07:00,2026-04-03T23:35:54-07:00,4,8
resume/index.html,107,html,2f61a977,Jimbo Cai,2026-04-03,23:35:54,-07:00,2026-04-03T23:35:54-07:00,2,8
resume/index.html,108,html,2f61a977,Jimbo Cai,2026-04-03,23:35:54,-07:00,2026-04-03T23:35:54-07:00,0,0
resume/index.html,109,html,2f61a977,Jimbo Cai,2026-04-03,23:35:54,-07:00,2026-04-03T23:35:54-07:00,2,7
resume/index.html,110,html,2f61a977,Jimbo Cai,2026-04-03,23:35:54,-07:00,2026-04-03T23:35:54-07:00,4,13
resume/index.html,111,html,2f61a977,Jimbo Cai,2026-04-03,23:35:54,-07:00,2026-04-03T23:35:54-07:00,4,7
resume/index.html,112,html,2f61a977,Jimbo Cai,2026-04-03,23:35:54,-07:00,2026-04-03T23:35:54-07:00,6,16
resume/index.html,113,html,2f61a977,Jimbo Cai,2026-04-03,23:35:54,-07:00,2026-04-03T23:35:54-07:00,6,79
resume/index.html,114,html,2f61a977,Jimbo Cai,2026-04-03,23:35:54,-07:00,2026-04-03T23:35:54-07:00,4,8
resume/index.html,115,html,2f61a977,Jimbo Cai,2026-04-03,23:35:54,-07:00,2026-04-03T23:35:54-07:00,4,7
resume/index.html,116,html,2f61a977,Jimbo Cai,2026-04-03,23:35:54,-07:00,2026-04-03T23:35:54-07:00,6,29
resume/index.html,117,html,2f61a977,Jimbo Cai,2026-04-03,23:35:54,-07:00,2026-04-03T23:35:54-07:00,6,90
resume/index.html,118,html,2f61a977,Jimbo Cai,2026-04-03,23:35:54,-07:00,2026-04-03T23:35:54-07:00,4,8
resume/index.html,119,html,2f61a977,Jimbo Cai,2026-04-03,23:35:54,-07:00,2026-04-03T23:35:54-07:00,4,7
resume/index.html,120,html,2f61a977,Jimbo Cai,2026-04-03,23:35:54,-07:00,2026-04-03T23:35:54-07:00,6,22
resume/index.html,121,html,2f61a977,Jimbo Cai,2026-04-03,23:35:54,-07:00,2026-04-03T23:35:54-07:00,6,54
resume/index.html,122,html,2f61a977,Jimbo Cai,2026-04-03,23:35:54,-07:00,2026-04-03T23:35:54-07:00,4,8
resume/index.html,123,html,2f61a977,Jimbo Cai,2026-04-03,23:35:54,-07:00,2026-04-03T23:35:54-07:00,4,7
resume/index.html,124,html,2f61a977,Jimbo Cai,2026-04-03,23:35:54,-07:00,2026-04-03T23:35:54-07:00,6,18
resume/index.html,125,html,2f61a977,Jimbo Cai,2026-04-03,23:35:54,-07:00,2026-04-03T23:35:54-07:00,6,73
resume/index.html,126,html,2f61a977,Jimbo Cai,2026-04-03,23:35:54,-07:00,2026-04-03T23:35:54-07:00,4,8
resume/index.html,127,html,2f61a977,Jimbo Cai,2026-04-03,23:35:54,-07:00,2026-04-03T23:35:54-07:00,2,8
resume/index.html,128,html,2f61a977,Jimbo Cai,2026-04-03,23:35:54,-07:00,2026-04-03T23:35:54-07:00,0,0
resume/index.html,129,html,2f61a977,Jimbo Cai,2026-04-03,23:35:54,-07:00,2026-04-03T23:35:54-07:00,2,7
resume/index.html,130,html,2f61a977,Jimbo Cai,2026-04-03,23:35:54,-07:00,2026-04-03T23:35:54-07:00,4,13
resume/index.html,131,html,2f61a977,Jimbo Cai,2026-04-03,23:35:54,-07:00,2026-04-03T23:35:54-07:00,4,2
resume/index.html,132,html,2f61a977,Jimbo Cai,2026-04-03,23:35:54,-07:00,2026-04-03T23:35:54-07:00,6,70
resume/index.html,133,html,2f61a977,Jimbo Cai,2026-04-03,23:35:54,-07:00,2026-04-03T23:35:54-07:00,6,54
resume/index.html,134,html,2f61a977,Jimbo Cai,2026-04-03,23:35:54,-07:00,2026-04-03T23:35:54-07:00,6,86
resume/index.html,135,html,2f61a977,Jimbo Cai,2026-04-03,23:35:54,-07:00,2026-04-03T23:35:54-07:00,4,3
resume/index.html,136,html,2f61a977,Jimbo Cai,2026-04-03,23:35:54,-07:00,2026-04-03T23:35:54-07:00,2,8
resume/index.html,137,html,2f61a977,Jimbo Cai,2026-04-03,23:35:54,-07:00,2026-04-03T23:35:54-07:00,0,0
resume/index.html,138,html,2f61a977,Jimbo Cai,2026-04-03,23:35:54,-07:00,2026-04-03T23:35:54-07:00,0,5
resume/index.html,139,html,2f61a977,Jimbo Cai,2026-04-03,23:35:54,-07:00,2026-04-03T23:35:54-07:00,0,5
projects/projects.js,1,js,cc7473bf,Jimbo Cai,2026-04-24,17:48:50,-07:00,2026-04-24T17:48:50-07:00,0,55
projects/projects.js,2,js,66a709c2,Jimbo Cai,2026-05-01,15:08:29,-07:00,2026-05-01T15:08:29-07:00,0,63
projects/projects.js,3,js,cc7473bf,Jimbo Cai,2026-04-24,17:48:50,-07:00,2026-04-24T17:48:50-07:00,0,0
projects/projects.js,4,js,cc7473bf,Jimbo Cai,2026-04-24,17:48:50,-07:00,2026-04-24T17:48:50-07:00,0,55
projects/projects.js,5,js,cc7473bf,Jimbo Cai,2026-04-24,17:48:50,-07:00,2026-04-24T17:48:50-07:00,0,60
projects/projects.js,6,js,66a709c2,Jimbo Cai,2026-05-01,15:08:29,-07:00,2026-05-01T15:08:29-07:00,0,62
projects/projects.js,7,js,cc7473bf,Jimbo Cai,2026-04-24,17:48:50,-07:00,2026-04-24T17:48:50-07:00,0,0
projects/projects.js,8,js,66a709c2,Jimbo Cai,2026-05-01,15:08:29,-07:00,2026-05-01T15:08:29-07:00,0,56
projects/projects.js,9,js,cc7473bf,Jimbo Cai,2026-04-24,17:48:50,-07:00,2026-04-24T17:48:50-07:00,0,48
projects/projects.js,10,js,cc7473bf,Jimbo Cai,2026-04-24,17:48:50,-07:00,2026-04-24T17:48:50-07:00,0,0
projects/projects.js,11,js,66a709c2,Jimbo Cai,2026-05-01,15:08:29,-07:00,2026-05-01T15:08:29-07:00,0,42
projects/projects.js,12,js,66a709c2,Jimbo Cai,2026-05-01,15:08:29,-07:00,2026-05-01T15:08:29-07:00,0,34
projects/projects.js,13,js,66a709c2,Jimbo Cai,2026-05-01,15:08:29,-07:00,2026-05-01T15:08:29-07:00,0,49
projects/projects.js,14,js,66a709c2,Jimbo Cai,2026-05-01,15:08:29,-07:00,2026-05-01T15:08:29-07:00,0,59
projects/projects.js,15,js,66a709c2,Jimbo Cai,2026-05-01,15:08:29,-07:00,2026-05-01T15:08:29-07:00,0,0
projects/projects.js,16,js,66a709c2,Jimbo Cai,2026-05-01,15:08:29,-07:00,2026-05-01T15:08:29-07:00,0,21
projects/projects.js,17,js,92e49f0f,Jimbo Cai,2026-05-01,15:31:19,-07:00,2026-05-01T15:31:19-07:00,0,29
projects/projects.js,18,js,66a709c2,Jimbo Cai,2026-05-01,15:08:29,-07:00,2026-05-01T15:08:29-07:00,0,0
projects/projects.js,19,js,66a709c2,Jimbo Cai,2026-05-01,15:08:29,-07:00,2026-05-01T15:08:29-07:00,0,38
projects/projects.js,20,js,66a709c2,Jimbo Cai,2026-05-01,15:08:29,-07:00,2026-05-01T15:08:29-07:00,2,29
projects/projects.js,21,js,66a709c2,Jimbo Cai,2026-05-01,15:08:29,-07:00,2026-05-01T15:08:29-07:00,2,30
projects/projects.js,22,js,66a709c2,Jimbo Cai,2026-05-01,15:08:29,-07:00,2026-05-01T15:08:29-07:00,0,0
projects/projects.js,23,js,66a709c2,Jimbo Cai,2026-05-01,15:08:29,-07:00,2026-05-01T15:08:29-07:00,2,28
projects/projects.js,24,js,66a709c2,Jimbo Cai,2026-05-01,15:08:29,-07:00,2026-05-01T15:08:29-07:00,4,12
projects/projects.js,25,js,66a709c2,Jimbo Cai,2026-05-01,15:08:29,-07:00,2026-05-01T15:08:29-07:00,4,14
projects/projects.js,26,js,66a709c2,Jimbo Cai,2026-05-01,15:08:29,-07:00,2026-05-01T15:08:29-07:00,4,11
projects/projects.js,27,js,66a709c2,Jimbo Cai,2026-05-01,15:08:29,-07:00,2026-05-01T15:08:29-07:00,2,0
projects/projects.js,28,js,66a709c2,Jimbo Cai,2026-05-01,15:08:29,-07:00,2026-05-01T15:08:29-07:00,0,0
projects/projects.js,29,js,66a709c2,Jimbo Cai,2026-05-01,15:08:29,-07:00,2026-05-01T15:08:29-07:00,2,47
projects/projects.js,30,js,66a709c2,Jimbo Cai,2026-05-01,15:08:29,-07:00,2026-05-01T15:08:29-07:00,4,11
projects/projects.js,31,js,66a709c2,Jimbo Cai,2026-05-01,15:08:29,-07:00,2026-05-01T15:08:29-07:00,4,10
projects/projects.js,32,js,66a709c2,Jimbo Cai,2026-05-01,15:08:29,-07:00,2026-05-01T15:08:29-07:00,2,2
projects/projects.js,33,js,66a709c2,Jimbo Cai,2026-05-01,15:08:29,-07:00,2026-05-01T15:08:29-07:00,0,0
projects/projects.js,34,js,66a709c2,Jimbo Cai,2026-05-01,15:08:29,-07:00,2026-05-01T15:08:29-07:00,2,52
projects/projects.js,35,js,66a709c2,Jimbo Cai,2026-05-01,15:08:29,-07:00,2026-05-01T15:08:29-07:00,2,35
projects/projects.js,36,js,66a709c2,Jimbo Cai,2026-05-01,15:08:29,-07:00,2026-05-01T15:08:29-07:00,2,47
projects/projects.js,37,js,66a709c2,Jimbo Cai,2026-05-01,15:08:29,-07:00,2026-05-01T15:08:29-07:00,0,0
projects/projects.js,38,js,66a709c2,Jimbo Cai,2026-05-01,15:08:29,-07:00,2026-05-01T15:08:29-07:00,2,24
projects/projects.js,39,js,66a709c2,Jimbo Cai,2026-05-01,15:08:29,-07:00,2026-05-01T15:08:29-07:00,4,1
projects/projects.js,40,js,66a709c2,Jimbo Cai,2026-05-01,15:08:29,-07:00,2026-05-01T15:08:29-07:00,6,13
projects/projects.js,41,js,66a709c2,Jimbo Cai,2026-05-01,15:08:29,-07:00,2026-05-01T15:08:29-07:00,6,13
projects/projects.js,42,js,66a709c2,Jimbo Cai,2026-05-01,15:08:29,-07:00,2026-05-01T15:08:29-07:00,6,22
projects/projects.js,43,js,66a709c2,Jimbo Cai,2026-05-01,15:08:29,-07:00,2026-05-01T15:08:29-07:00,6,51
projects/projects.js,44,js,66a709c2,Jimbo Cai,2026-05-01,15:08:29,-07:00,2026-05-01T15:08:29-07:00,6,18
projects/projects.js,45,js,66a709c2,Jimbo Cai,2026-05-01,15:08:29,-07:00,2026-05-01T15:08:29-07:00,8,43
projects/projects.js,46,js,66a709c2,Jimbo Cai,2026-05-01,15:08:29,-07:00,2026-05-01T15:08:29-07:00,0,0
projects/projects.js,47,js,66a709c2,Jimbo Cai,2026-05-01,15:08:29,-07:00,2026-05-01T15:08:29-07:00,8,45
projects/projects.js,48,js,66a709c2,Jimbo Cai,2026-05-01,15:08:29,-07:00,2026-05-01T15:08:29-07:00,10,37
projects/projects.js,49,js,66a709c2,Jimbo Cai,2026-05-01,15:08:29,-07:00,2026-05-01T15:08:29-07:00,8,0
projects/projects.js,50,js,66a709c2,Jimbo Cai,2026-05-01,15:08:29,-07:00,2026-05-01T15:08:29-07:00,0,0
projects/projects.js,51,js,66a709c2,Jimbo Cai,2026-05-01,15:08:29,-07:00,2026-05-01T15:08:29-07:00,8,46
projects/projects.js,52,js,66a709c2,Jimbo Cai,2026-05-01,15:08:29,-07:00,2026-05-01T15:08:29-07:00,10,60
projects/projects.js,53,js,66a709c2,Jimbo Cai,2026-05-01,15:08:29,-07:00,2026-05-01T15:08:29-07:00,8,0
projects/projects.js,54,js,66a709c2,Jimbo Cai,2026-05-01,15:08:29,-07:00,2026-05-01T15:08:29-07:00,0,0
projects/projects.js,55,js,66a709c2,Jimbo Cai,2026-05-01,15:08:29,-07:00,2026-05-01T15:08:29-07:00,8,25
projects/projects.js,56,js,92e49f0f,Jimbo Cai,2026-05-01,15:31:19,-07:00,2026-05-01T15:31:19-07:00,10,55
projects/projects.js,57,js,66a709c2,Jimbo Cai,2026-05-01,15:08:29,-07:00,2026-05-01T15:08:29-07:00,8,6
projects/projects.js,58,js,66a709c2,Jimbo Cai,2026-05-01,15:08:29,-07:00,2026-05-01T15:08:29-07:00,10,45
projects/projects.js,59,js,92e49f0f,Jimbo Cai,2026-05-01,15:31:19,-07:00,2026-05-01T15:31:19-07:00,10,70
projects/projects.js,60,js,66a709c2,Jimbo Cai,2026-05-01,15:08:29,-07:00,2026-05-01T15:08:29-07:00,10,48
projects/projects.js,61,js,66a709c2,Jimbo Cai,2026-05-01,15:08:29,-07:00,2026-05-01T15:08:29-07:00,8,0
projects/projects.js,62,js,66a709c2,Jimbo Cai,2026-05-01,15:08:29,-07:00,2026-05-01T15:08:29-07:00,6,1
projects/projects.js,63,js,66a709c2,Jimbo Cai,2026-05-01,15:08:29,-07:00,2026-05-01T15:08:29-07:00,2,1
projects/projects.js,64,js,66a709c2,Jimbo Cai,2026-05-01,15:08:29,-07:00,2026-05-01T15:08:29-07:00,0,0
projects/projects.js,65,js,66a709c2,Jimbo Cai,2026-05-01,15:08:29,-07:00,2026-05-01T15:08:29-07:00,2,24
projects/projects.js,66,js,66a709c2,Jimbo Cai,2026-05-01,15:08:29,-07:00,2026-05-01T15:08:29-07:00,4,4
projects/projects.js,67,js,66a709c2,Jimbo Cai,2026-05-01,15:08:29,-07:00,2026-05-01T15:08:29-07:00,6,11
projects/projects.js,68,js,66a709c2,Jimbo Cai,2026-05-01,15:08:29,-07:00,2026-05-01T15:08:29-07:00,6,76
projects/projects.js,69,js,66a709c2,Jimbo Cai,2026-05-01,15:08:29,-07:00,2026-05-01T15:08:29-07:00,6,38
projects/projects.js,70,js,66a709c2,Jimbo Cai,2026-05-01,15:08:29,-07:00,2026-05-01T15:08:29-07:00,6,69
projects/projects.js,71,js,66a709c2,Jimbo Cai,2026-05-01,15:08:29,-07:00,2026-05-01T15:08:29-07:00,2,1
projects/projects.js,72,js,66a709c2,Jimbo Cai,2026-05-01,15:08:29,-07:00,2026-05-01T15:08:29-07:00,0,0
projects/projects.js,73,js,66a709c2,Jimbo Cai,2026-05-01,15:08:29,-07:00,2026-05-01T15:08:29-07:00,0,0
projects/projects.js,74,js,66a709c2,Jimbo Cai,2026-05-01,15:08:29,-07:00,2026-05-01T15:08:29-07:00,0,23
projects/projects.js,75,js,66a709c2,Jimbo Cai,2026-05-01,15:08:29,-07:00,2026-05-01T15:08:29-07:00,0,0
projects/projects.js,76,js,66a709c2,Jimbo Cai,2026-05-01,15:08:29,-07:00,2026-05-01T15:08:29-07:00,0,55
projects/projects.js,77,js,66a709c2,Jimbo Cai,2026-05-01,15:08:29,-07:00,2026-05-01T15:08:29-07:00,0,0
projects/projects.js,78,js,66a709c2,Jimbo Cai,2026-05-01,15:08:29,-07:00,2026-05-01T15:08:29-07:00,0,48
projects/projects.js,79,js,66a709c2,Jimbo Cai,2026-05-01,15:08:29,-07:00,2026-05-01T15:08:29-07:00,2,45
projects/projects.js,80,js,66a709c2,Jimbo Cai,2026-05-01,15:08:29,-07:00,2026-05-01T15:08:29-07:00,2,17
projects/projects.js,81,js,66a709c2,Jimbo Cai,2026-05-01,15:08:29,-07:00,2026-05-01T15:08:29-07:00,0,0
projects/projects.js,82,js,92e49f0f,Jimbo Cai,2026-05-01,15:31:19,-07:00,2026-05-01T15:31:19-07:00,2,46
projects/projects.js,83,js,66a709c2,Jimbo Cai,2026-05-01,15:08:29,-07:00,2026-05-01T15:08:29-07:00,4,61
projects/projects.js,84,js,66a709c2,Jimbo Cai,2026-05-01,15:08:29,-07:00,2026-05-01T15:08:29-07:00,4,28
projects/projects.js,85,js,66a709c2,Jimbo Cai,2026-05-01,15:08:29,-07:00,2026-05-01T15:08:29-07:00,2,1
projects/projects.js,86,js,66a709c2,Jimbo Cai,2026-05-01,15:08:29,-07:00,2026-05-01T15:08:29-07:00,0,0
projects/projects.js,87,js,92e49f0f,Jimbo Cai,2026-05-01,15:31:19,-07:00,2026-05-01T15:31:19-07:00,2,55
projects/projects.js,88,js,92e49f0f,Jimbo Cai,2026-05-01,15:31:19,-07:00,2026-05-01T15:31:19-07:00,2,30
projects/projects.js,89,js,66a709c2,Jimbo Cai,2026-05-01,15:08:29,-07:00,2026-05-01T15:08:29-07:00,0,1
projects/index.html,1,html,62df3ba1,Jimbo Cai,2026-04-03,22:06:22,-07:00,2026-04-03T22:06:22-07:00,0,13
projects/index.html,2,html,62df3ba1,Jimbo Cai,2026-04-03,22:06:22,-07:00,2026-04-03T22:06:22-07:00,0,14
projects/index.html,3,html,62df3ba1,Jimbo Cai,2026-04-03,22:06:22,-07:00,2026-04-03T22:06:22-07:00,0,4
projects/index.html,4,html,62df3ba1,Jimbo Cai,2026-04-03,22:06:22,-07:00,2026-04-03T22:06:22-07:00,2,20
projects/index.html,5,html,62df3ba1,Jimbo Cai,2026-04-03,22:06:22,-07:00,2026-04-03T22:06:22-07:00,2,68
projects/index.html,6,html,2f61a977,Jimbo Cai,2026-04-03,23:35:54,-07:00,2026-04-03T23:35:54-07:00,2,32
projects/index.html,7,html,2f61a977,Jimbo Cai,2026-04-03,23:35:54,-07:00,2026-04-03T23:35:54-07:00,2,41
projects/index.html,8,html,815e93bf,Jimbo Cai,2026-04-17,13:18:32,-07:00,2026-04-17T13:18:32-07:00,2,48
projects/index.html,9,html,cc7473bf,Jimbo Cai,2026-04-24,17:48:50,-07:00,2026-04-24T17:48:50-07:00,2,47
projects/index.html,10,html,62df3ba1,Jimbo Cai,2026-04-03,22:06:22,-07:00,2026-04-03T22:06:22-07:00,0,5
projects/index.html,11,html,62df3ba1,Jimbo Cai,2026-04-03,22:06:22,-07:00,2026-04-03T22:06:22-07:00,0,4
projects/index.html,12,html,cc7473bf,Jimbo Cai,2026-04-24,17:48:50,-07:00,2026-04-24T17:48:50-07:00,2,38
projects/index.html,13,html,2f61a977,Jimbo Cai,2026-04-03,23:35:54,-07:00,2026-04-03T23:35:54-07:00,0,0
projects/index.html,14,html,66a709c2,Jimbo Cai,2026-05-01,15:08:29,-07:00,2026-05-01T15:08:29-07:00,2,27
projects/index.html,15,html,66a709c2,Jimbo Cai,2026-05-01,15:08:29,-07:00,2026-05-01T15:08:29-07:00,4,58
projects/index.html,16,html,66a709c2,Jimbo Cai,2026-05-01,15:08:29,-07:00,2026-05-01T15:08:29-07:00,4,22
projects/index.html,17,html,b955cb74,Jimbo Cai,2026-04-10,07:09:50,-07:00,2026-04-10T07:09:50-07:00,2,4
projects/index.html,18,html,66a709c2,Jimbo Cai,2026-05-01,15:08:29,-07:00,2026-05-01T15:08:29-07:00,0,0
projects/index.html,19,html,66a709c2,Jimbo Cai,2026-05-01,15:08:29,-07:00,2026-05-01T15:08:29-07:00,2,4
projects/index.html,20,html,66a709c2,Jimbo Cai,2026-05-01,15:08:29,-07:00,2026-05-01T15:08:29-07:00,4,15
projects/index.html,21,html,66a709c2,Jimbo Cai,2026-05-01,15:08:29,-07:00,2026-05-01T15:08:29-07:00,4,11
projects/index.html,22,html,66a709c2,Jimbo Cai,2026-05-01,15:08:29,-07:00,2026-05-01T15:08:29-07:00,4,26
projects/index.html,23,html,66a709c2,Jimbo Cai,2026-05-01,15:08:29,-07:00,2026-05-01T15:08:29-07:00,4,31
projects/index.html,24,html,66a709c2,Jimbo Cai,2026-05-01,15:08:29,-07:00,2026-05-01T15:08:29-07:00,2,0
projects/index.html,25,html,66a709c2,Jimbo Cai,2026-05-01,15:08:29,-07:00,2026-05-01T15:08:29-07:00,0,0
projects/index.html,26,html,66a709c2,Jimbo Cai,2026-05-01,15:08:29,-07:00,2026-05-01T15:08:29-07:00,2,26
projects/index.html,27,html,62df3ba1,Jimbo Cai,2026-04-03,22:06:22,-07:00,2026-04-03T22:06:22-07:00,0,5
projects/index.html,28,html,62df3ba1,Jimbo Cai,2026-04-03,22:06:22,-07:00,2026-04-03T22:06:22-07:00,0,5
contact/index.html,1,html,62df3ba1,Jimbo Cai,2026-04-03,22:06:22,-07:00,2026-04-03T22:06:22-07:00,0,13
contact/index.html,2,html,62df3ba1,Jimbo Cai,2026-04-03,22:06:22,-07:00,2026-04-03T22:06:22-07:00,0,14
contact/index.html,3,html,62df3ba1,Jimbo Cai,2026-04-03,22:06:22,-07:00,2026-04-03T22:06:22-07:00,0,4
contact/index.html,4,html,62df3ba1,Jimbo Cai,2026-04-03,22:06:22,-07:00,2026-04-03T22:06:22-07:00,2,20
contact/index.html,5,html,62df3ba1,Jimbo Cai,2026-04-03,22:06:22,-07:00,2026-04-03T22:06:22-07:00,2,68
contact/index.html,6,html,2f61a977,Jimbo Cai,2026-04-03,23:35:54,-07:00,2026-04-03T23:35:54-07:00,2,31
contact/index.html,7,html,2f61a977,Jimbo Cai,2026-04-03,23:35:54,-07:00,2026-04-03T23:35:54-07:00,2,41
contact/index.html,8,html,815e93bf,Jimbo Cai,2026-04-17,13:18:32,-07:00,2026-04-17T13:18:32-07:00,2,48
contact/index.html,9,html,62df3ba1,Jimbo Cai,2026-04-03,22:06:22,-07:00,2026-04-03T22:06:22-07:00,0,5
contact/index.html,10,html,62df3ba1,Jimbo Cai,2026-04-03,22:06:22,-07:00,2026-04-03T22:06:22-07:00,0,4
contact/index.html,11,html,62df3ba1,Jimbo Cai,2026-04-03,22:06:22,-07:00,2026-04-03T22:06:22-07:00,2,14
contact/index.html,12,html,2f61a977,Jimbo Cai,2026-04-03,23:35:54,-07:00,2026-04-03T23:35:54-07:00,0,0
contact/index.html,13,html,b958a54a,Jimbo Cai,2026-04-03,23:39:31,-07:00,2026-04-03T23:39:31-07:00,2,74
contact/index.html,14,html,2f61a977,Jimbo Cai,2026-04-03,23:35:54,-07:00,2026-04-03T23:35:54-07:00,4,5
contact/index.html,15,html,2f61a977,Jimbo Cai,2026-04-03,23:35:54,-07:00,2026-04-03T23:35:54-07:00,6,3
contact/index.html,16,html,2f61a977,Jimbo Cai,2026-04-03,23:35:54,-07:00,2026-04-03T23:35:54-07:00,6,31
contact/index.html,17,html,2f61a977,Jimbo Cai,2026-04-03,23:35:54,-07:00,2026-04-03T23:35:54-07:00,4,6
contact/index.html,18,html,2f61a977,Jimbo Cai,2026-04-03,23:35:54,-07:00,2026-04-03T23:35:54-07:00,0,0
contact/index.html,19,html,2f61a977,Jimbo Cai,2026-04-03,23:35:54,-07:00,2026-04-03T23:35:54-07:00,4,5
contact/index.html,20,html,2f61a977,Jimbo Cai,2026-04-03,23:35:54,-07:00,2026-04-03T23:35:54-07:00,6,5
contact/index.html,21,html,2f61a977,Jimbo Cai,2026-04-03,23:35:54,-07:00,2026-04-03T23:35:54-07:00,6,20
contact/index.html,22,html,2f61a977,Jimbo Cai,2026-04-03,23:35:54,-07:00,2026-04-03T23:35:54-07:00,4,6
contact/index.html,23,html,2f61a977,Jimbo Cai,2026-04-03,23:35:54,-07:00,2026-04-03T23:35:54-07:00,0,0
contact/index.html,24,html,2f61a977,Jimbo Cai,2026-04-03,23:35:54,-07:00,2026-04-03T23:35:54-07:00,4,5
contact/index.html,25,html,2f61a977,Jimbo Cai,2026-04-03,23:35:54,-07:00,2026-04-03T23:35:54-07:00,6,5
contact/index.html,26,html,2f61a977,Jimbo Cai,2026-04-03,23:35:54,-07:00,2026-04-03T23:35:54-07:00,6,31
contact/index.html,27,html,2f61a977,Jimbo Cai,2026-04-03,23:35:54,-07:00,2026-04-03T23:35:54-07:00,4,6
contact/index.html,28,html,2f61a977,Jimbo Cai,2026-04-03,23:35:54,-07:00,2026-04-03T23:35:54-07:00,0,0
contact/index.html,29,html,2f61a977,Jimbo Cai,2026-04-03,23:35:54,-07:00,2026-04-03T23:35:54-07:00,4,19
contact/index.html,30,html,2f61a977,Jimbo Cai,2026-04-03,23:35:54,-07:00,2026-04-03T23:35:54-07:00,2,5
contact/index.html,31,html,62df3ba1,Jimbo Cai,2026-04-03,22:06:22,-07:00,2026-04-03T22:06:22-07:00,0,5
contact/index.html,32,html,62df3ba1,Jimbo Cai,2026-04-03,22:06:22,-07:00,2026-04-03T22:06:22-07:00,0,5
